country,player_name,display_name,position,role_group,sub_role,club_reference,fan_importance,expected_role,priority_tier,selection_status,source_type,last_updated,notes
Algeria,Riyad Mahrez,Riyad Mahrez,Forward,Winger,Right winger,Al Ahli,9,Key attacker,A,fan_key_player_not_official_squad,curated_fan_layer,2026-05-22,Use for fan-facing key-player logic. Not an official World Cup squad or starting XI.
Algeria,Ismaël Bennacer,Ismaël Bennacer,Midfielder,Midfielder,Central midfielder,AC Milan,8,Midfielder,A,fan_key_player_not_official_squad,curated_fan_layer,2026-05-22,Use for fan-facing key-player logic. Not an official World Cup squad or starting XI.
Algeria,Amine Gouiri,Amine Gouiri,Forward,Forward,Forward,,7,Forward option,B,fan_key_player_not_official_squad,curated_fan_layer,2026-05-22,Use for fan-facing key-player logic. Not an official World Cup squad or starting XI.
Algeria,Houssem Aouar,Houssem Aouar,Midfielder,Attacking Midfielder,Creator,,7,Creative midfielder,B,fan_key_player_not_official_squad,curated_fan_layer,2026-05-22,Use for fan-facing key-player logic. Not an official World Cup squad or starting XI.
Algeria,Ramy Bensebaini,Ramy Bensebaini,Defender,Defender,Left-back / centre-back,Borussia Dortmund,7,Defender,B,fan_key_player_not_official_squad,curated_fan_layer,2026-05-22,Use for fan-facing key-player logic. Not an official World Cup squad or starting XI.
Argentina,Lionel Messi,Lionel Messi,Forward,Attacking Midfielder,Creator / forward,Inter Miami,10,Global star,A,fan_key_player_not_official_squad,curated_fan_layer,2026-05-22,Use for fan-facing key-player logic. Not an official World Cup squad or starting XI.
Argentina,Emiliano Martínez,Emiliano Martínez,Goalkeeper,Goalkeeper,Goalkeeper,Aston Villa,9,Goalkeeper leader,A,fan_key_player_not_official_squad,curated_fan_layer,2026-05-22,Use for fan-facing key-player logic. Not an official World Cup squad or starting XI.
Argentina,Julián Álvarez,Julián Álvarez,Forward,Striker,Forward,Atlético Madrid,9,Key attacker,A,fan_key_player_not_official_squad,curated_fan_layer,2026-05-22,Use for fan-facing key-player logic. Not an official World Cup squad or starting XI.
Argentina,Lautaro Martínez,Lautaro Martínez,Forward,Striker,Striker,Inter,9,Key striker,A,fan_key_player_not_official_squad,curated_fan_layer,2026-05-22,Use for fan-facing key-player logic. Not an official World Cup squad or starting XI.
Argentina,Alexis Mac Allister,Alexis Mac Allister,Midfielder,Midfielder,Central midfielder,Liverpool,8,Key midfielder,A,fan_key_player_not_official_squad,curated_fan_layer,2026-05-22,Use for fan-facing key-player logic. Not an official World Cup squad or starting XI.
Argentina,Cristian Romero,Cristian Romero,Defender,Defender,Centre-back,Tottenham Hotspur,8,Defensive leader,A,fan_key_player_not_official_squad,curated_fan_layer,2026-05-22,Use for fan-facing key-player logic. Not an official World Cup squad or starting XI.
Argentina,Enzo Fernández,Enzo Fernández,Midfielder,Midfielder,Central midfielder,Chelsea,8,Key midfielder,A,fan_key_player_not_official_squad,curated_fan_layer,2026-05-22,Use for fan-facing key-player logic. Not an official World Cup squad or starting XI.
Argentina,Rodrigo De Paul,Rodrigo De Paul,Midfielder,Midfielder,Box-to-box midfielder,Atlético Madrid,8,Experienced midfielder,A,fan_key_player_not_official_squad,curated_fan_layer,2026-05-22,Use for fan-facing key-player logic. Not an official World Cup squad or starting XI.
Australia,Harry Souttar,Harry Souttar,Defender,Defender,Centre-back,,7,Defender,B,fan_key_player_not_official_squad,curated_fan_layer,2026-05-22,Use for fan-facing key-player logic. Not an official World Cup squad or starting XI.
Australia,Jackson Irvine,Jackson Irvine,Midfielder,Midfielder,Midfielder,,7,Midfield leader,B,fan_key_player_not_official_squad,curated_fan_layer,2026-05-22,Use for fan-facing key-player logic. Not an official World Cup squad or starting XI.
Australia,Mathew Ryan,Mathew Ryan,Goalkeeper,Goalkeeper,Goalkeeper,,7,Goalkeeper leader,B,fan_key_player_not_official_squad,curated_fan_layer,2026-05-22,Use for fan-facing key-player logic. Not an official World Cup squad or starting XI.
Australia,Craig Goodwin,Craig Goodwin,Forward,Winger,Winger,,6,Attacker,B,fan_key_player_not_official_squad,curated_fan_layer,2026-05-22,Use for fan-facing key-player logic. Not an official World Cup squad or starting XI.
Australia,Riley McGree,Riley McGree,Midfielder,Midfielder,Attacking midfielder,,6,Midfielder,B,fan_key_player_not_official_squad,curated_fan_layer,2026-05-22,Use for fan-facing key-player logic. Not an official World Cup squad or starting XI.
Austria,David Alaba,David Alaba,Defender,Defender,Centre-back / left-back,Real Madrid,9,Defensive leader,A,fan_key_player_not_official_squad,curated_fan_layer,2026-05-22,Use for fan-facing key-player logic. Not an official World Cup squad or starting XI.
Austria,Konrad Laimer,Konrad Laimer,Midfielder,Midfielder,Central midfielder,Bayern Munich,8,Pressing midfielder,A,fan_key_player_not_official_squad,curated_fan_layer,2026-05-22,Use for fan-facing key-player logic. Not an official World Cup squad or starting XI.
Austria,Marcel Sabitzer,Marcel Sabitzer,Midfielder,Midfielder,Central midfielder,Borussia Dortmund,8,Midfield leader,A,fan_key_player_not_official_squad,curated_fan_layer,2026-05-22,Use for fan-facing key-player logic. Not an official World Cup squad or starting XI.
Austria,Christoph Baumgartner,Christoph Baumgartner,Midfielder,Attacking Midfielder,Attacking midfielder,RB Leipzig,7,Creator,B,fan_key_player_not_official_squad,curated_fan_layer,2026-05-22,Use for fan-facing key-player logic. Not an official World Cup squad or starting XI.
Austria,Marko Arnautović,Marko Arnautović,Forward,Striker,Striker,Inter,7,Experienced striker,B,fan_key_player_not_official_squad,curated_fan_layer,2026-05-22,Use for fan-facing key-player logic. Not an official World Cup squad or starting XI.
Belgium,Kevin De Bruyne,Kevin De Bruyne,Midfielder,Attacking Midfielder,Creator,Manchester City,10,Key creator,A,fan_key_player_not_official_squad,curated_fan_layer,2026-05-22,Use for fan-facing key-player logic. Not an official World Cup squad or starting XI.
Belgium,Thibaut Courtois,Thibaut Courtois,Goalkeeper,Goalkeeper,Goalkeeper,Real Madrid,9,Goalkeeper leader,A,fan_key_player_not_official_squad,curated_fan_layer,2026-05-22,Use for fan-facing key-player logic. Not an official World Cup squad or starting XI.
Belgium,Jérémy Doku,Jérémy Doku,Forward,Winger,Winger,Manchester City,8,Key winger,A,fan_key_player_not_official_squad,curated_fan_layer,2026-05-22,Use for fan-facing key-player logic. Not an official World Cup squad or starting XI.
Belgium,Romelu Lukaku,Romelu Lukaku,Forward,Striker,Striker,Napoli,8,Key striker,A,fan_key_player_not_official_squad,curated_fan_layer,2026-05-22,Use for fan-facing key-player logic. Not an official World Cup squad or starting XI.
Belgium,Amadou Onana,Amadou Onana,Midfielder,Midfielder,Defensive midfielder,Aston Villa,7,Midfielder,B,fan_key_player_not_official_squad,curated_fan_layer,2026-05-22,Use for fan-facing key-player logic. Not an official World Cup squad or starting XI.
Belgium,Youri Tielemans,Youri Tielemans,Midfielder,Midfielder,Central midfielder,Aston Villa,7,Midfielder,B,fan_key_player_not_official_squad,curated_fan_layer,2026-05-22,Use for fan-facing key-player logic. Not an official World Cup squad or starting XI.
Bosnia and Herzegovina,Edin Džeko,Edin Džeko,Forward,Striker,Striker,Fenerbahçe,9,Icon / striker,A,fan_key_player_not_official_squad,curated_fan_layer,2026-05-22,Use for fan-facing key-player logic. Not an official World Cup squad or starting XI.
Bosnia and Herzegovina,Miralem Pjanić,Miralem Pjanić,Midfielder,Midfielder,Playmaker,,8,Experienced playmaker,A,fan_key_player_not_official_squad,curated_fan_layer,2026-05-22,Use for fan-facing key-player logic. Not an official World Cup squad or starting XI.
Bosnia and Herzegovina,Ermedin Demirović,Ermedin Demirović,Forward,Forward,Forward,Stuttgart,7,Forward option,B,fan_key_player_not_official_squad,curated_fan_layer,2026-05-22,Use for fan-facing key-player logic. Not an official World Cup squad or starting XI.
Bosnia and Herzegovina,Sead Kolašinac,Sead Kolašinac,Defender,Defender,Defender,Atalanta,7,Defensive leader,B,fan_key_player_not_official_squad,curated_fan_layer,2026-05-22,Use for fan-facing key-player logic. Not an official World Cup squad or starting XI.
Brazil,Vinícius Júnior,Vinícius Júnior,Forward,Winger,Left winger,Real Madrid,10,Key attacker,A,fan_key_player_not_official_squad,curated_fan_layer,2026-05-22,Use for fan-facing key-player logic. Not an official World Cup squad or starting XI.
Brazil,Neymar,Neymar,Forward,Attacking Midfielder,Creator / forward,Santos,9,Global star,A,fan_key_player_not_official_squad,curated_fan_layer,2026-05-22,Use for fan-facing key-player logic. Not an official World Cup squad or starting XI.
Brazil,Raphinha,Raphinha,Forward,Winger,Right winger,Barcelona,9,Key winger,A,fan_key_player_not_official_squad,curated_fan_layer,2026-05-22,Use for fan-facing key-player logic. Not an official World Cup squad or starting XI.
Brazil,Rodrygo,Rodrygo,Forward,Winger,Forward / winger,Real Madrid,9,Key attacker,A,fan_key_player_not_official_squad,curated_fan_layer,2026-05-22,Use for fan-facing key-player logic. Not an official World Cup squad or starting XI.
Brazil,Alisson,Alisson,Goalkeeper,Goalkeeper,Goalkeeper,Liverpool,8,Goalkeeper option,A,fan_key_player_not_official_squad,curated_fan_layer,2026-05-22,Use for fan-facing key-player logic. Not an official World Cup squad or starting XI.
Brazil,Bruno Guimarães,Bruno Guimarães,Midfielder,Midfielder,Central midfielder,Newcastle United,8,Key midfielder,A,fan_key_player_not_official_squad,curated_fan_layer,2026-05-22,Use for fan-facing key-player logic. Not an official World Cup squad or starting XI.
Brazil,Endrick,Endrick,Forward,Striker,Striker,Real Madrid,8,Young attacker,A,fan_key_player_not_official_squad,curated_fan_layer,2026-05-22,Use for fan-facing key-player logic. Not an official World Cup squad or starting XI.
Brazil,Lucas Paquetá,Lucas Paquetá,Midfielder,Attacking Midfielder,Attacking midfielder,West Ham United,8,Creative midfielder,A,fan_key_player_not_official_squad,curated_fan_layer,2026-05-22,Use for fan-facing key-player logic. Not an official World Cup squad or starting XI.
Brazil,Marquinhos,Marquinhos,Defender,Defender,Centre-back,Paris Saint-Germain,8,Defensive leader,A,fan_key_player_not_official_squad,curated_fan_layer,2026-05-22,Use for fan-facing key-player logic. Not an official World Cup squad or starting XI.
Cabo Verde,Ryan Mendes,Ryan Mendes,Forward,Winger,Forward / winger,,7,Experienced attacker,B,fan_key_player_not_official_squad,curated_fan_layer,2026-05-22,Use for fan-facing key-player logic. Not an official World Cup squad or starting XI.
Cabo Verde,Bebé,Bebé,Forward,Winger,Winger,,6,Attacker,B,fan_key_player_not_official_squad,curated_fan_layer,2026-05-22,Use for fan-facing key-player logic. Not an official World Cup squad or starting XI.
Cabo Verde,Garry Rodrigues,Garry Rodrigues,Forward,Winger,Winger,,6,Attacker,B,fan_key_player_not_official_squad,curated_fan_layer,2026-05-22,Use for fan-facing key-player logic. Not an official World Cup squad or starting XI.
Cabo Verde,Roberto Lopes,Roberto Lopes,Defender,Defender,Defender,,6,Defender,B,fan_key_player_not_official_squad,curated_fan_layer,2026-05-22,Use for fan-facing key-player logic. Not an official World Cup squad or starting XI.
Canada,Alphonso Davies,Alphonso Davies,Defender,Defender,Left-back / winger,Bayern Munich,10,Global star,A,fan_key_player_not_official_squad,curated_fan_layer,2026-05-22,Use for fan-facing key-player logic. Not an official World Cup squad or starting XI.
Canada,Jonathan David,Jonathan David,Forward,Striker,Striker,Lille,9,Key striker,A,fan_key_player_not_official_squad,curated_fan_layer,2026-05-22,Use for fan-facing key-player logic. Not an official World Cup squad or starting XI.
Canada,Stephen Eustáquio,Stephen Eustáquio,Midfielder,Midfielder,Central midfielder,Porto,7,Midfielder,B,fan_key_player_not_official_squad,curated_fan_layer,2026-05-22,Use for fan-facing key-player logic. Not an official World Cup squad or starting XI.
Canada,Tajon Buchanan,Tajon Buchanan,Forward,Winger,Winger,Inter,7,Wide attacker,B,fan_key_player_not_official_squad,curated_fan_layer,2026-05-22,Use for fan-facing key-player logic. Not an official World Cup squad or starting XI.
Canada,Ismaël Koné,Ismaël Koné,Midfielder,Midfielder,Central midfielder,,6,Midfielder,B,fan_key_player_not_official_squad,curated_fan_layer,2026-05-22,Use for fan-facing key-player logic. Not an official World Cup squad or starting XI.
Colombia,Luis Díaz,Luis Díaz,Forward,Winger,Left winger,Liverpool,10,Key attacker,A,fan_key_player_not_official_squad,curated_fan_layer,2026-05-22,Use for fan-facing key-player logic. Not an official World Cup squad or starting XI.
Colombia,James Rodríguez,James Rodríguez,Midfielder,Attacking Midfielder,Creator,,8,Creative leader,A,fan_key_player_not_official_squad,curated_fan_layer,2026-05-22,Use for fan-facing key-player logic. Not an official World Cup squad or starting XI.
Colombia,Daniel Muñoz,Daniel Muñoz,Defender,Defender,Right-back,Crystal Palace,7,Full-back,B,fan_key_player_not_official_squad,curated_fan_layer,2026-05-22,Use for fan-facing key-player logic. Not an official World Cup squad or starting XI.
Colombia,Davinson Sánchez,Davinson Sánchez,Defender,Defender,Centre-back,Galatasaray,7,Defender,B,fan_key_player_not_official_squad,curated_fan_layer,2026-05-22,Use for fan-facing key-player logic. Not an official World Cup squad or starting XI.
Colombia,Jefferson Lerma,Jefferson Lerma,Midfielder,Midfielder,Defensive midfielder,Crystal Palace,7,Midfielder,B,fan_key_player_not_official_squad,curated_fan_layer,2026-05-22,Use for fan-facing key-player logic. Not an official World Cup squad or starting XI.
Colombia,Jhon Durán,Jhon Durán,Forward,Striker,Striker,,7,Forward option,B,fan_key_player_not_official_squad,curated_fan_layer,2026-05-22,Use for fan-facing key-player logic. Not an official World Cup squad or starting XI.
Congo DR,Chancel Mbemba,Chancel Mbemba,Defender,Defender,Centre-back,,8,Defensive leader,A,fan_key_player_not_official_squad,curated_fan_layer,2026-05-22,Use for fan-facing key-player logic. Not an official World Cup squad or starting XI.
Congo DR,Yoane Wissa,Yoane Wissa,Forward,Forward,Forward,Brentford,8,Key attacker,A,fan_key_player_not_official_squad,curated_fan_layer,2026-05-22,Use for fan-facing key-player logic. Not an official World Cup squad or starting XI.
Congo DR,Arthur Masuaku,Arthur Masuaku,Defender,Defender,Left-back,,7,Defender,B,fan_key_player_not_official_squad,curated_fan_layer,2026-05-22,Use for fan-facing key-player logic. Not an official World Cup squad or starting XI.
Congo DR,Cédric Bakambu,Cédric Bakambu,Forward,Striker,Striker,,7,Forward option,B,fan_key_player_not_official_squad,curated_fan_layer,2026-05-22,Use for fan-facing key-player logic. Not an official World Cup squad or starting XI.
Croatia,Luka Modrić,Luka Modrić,Midfielder,Midfielder,Central midfielder,Real Madrid,10,Icon / playmaker,A,fan_key_player_not_official_squad,curated_fan_layer,2026-05-22,Use for fan-facing key-player logic. Not an official World Cup squad or starting XI.
Croatia,Joško Gvardiol,Joško Gvardiol,Defender,Defender,Centre-back / left-back,Manchester City,9,Key defender,A,fan_key_player_not_official_squad,curated_fan_layer,2026-05-22,Use for fan-facing key-player logic. Not an official World Cup squad or starting XI.
Croatia,Mateo Kovačić,Mateo Kovačić,Midfielder,Midfielder,Central midfielder,Manchester City,8,Midfielder,A,fan_key_player_not_official_squad,curated_fan_layer,2026-05-22,Use for fan-facing key-player logic. Not an official World Cup squad or starting XI.
Croatia,Andrej Kramarić,Andrej Kramarić,Forward,Forward,Forward,Hoffenheim,7,Forward option,B,fan_key_player_not_official_squad,curated_fan_layer,2026-05-22,Use for fan-facing key-player logic. Not an official World Cup squad or starting XI.
Croatia,Dominik Livaković,Dominik Livaković,Goalkeeper,Goalkeeper,Goalkeeper,Fenerbahçe,7,Goalkeeper option,B,fan_key_player_not_official_squad,curated_fan_layer,2026-05-22,Use for fan-facing key-player logic. Not an official World Cup squad or starting XI.
Croatia,Marcelo Brozović,Marcelo Brozović,Midfielder,Midfielder,Defensive midfielder,Al Nassr,7,Midfielder,B,fan_key_player_not_official_squad,curated_fan_layer,2026-05-22,Use for fan-facing key-player logic. Not an official World Cup squad or starting XI.
Curaçao,Leandro Bacuna,Leandro Bacuna,Midfielder,Midfielder,Midfielder,,7,Experienced leader,B,fan_key_player_not_official_squad,curated_fan_layer,2026-05-22,Use for fan-facing key-player logic. Not an official World Cup squad or starting XI.
Curaçao,Juninho Bacuna,Juninho Bacuna,Midfielder,Midfielder,Midfielder,,6,Midfielder,B,fan_key_player_not_official_squad,curated_fan_layer,2026-05-22,Use for fan-facing key-player logic. Not an official World Cup squad or starting XI.
Curaçao,Livano Comenencia,Livano Comenencia,Defender,Defender,Defender,Juventus Next Gen,6,Defender,B,fan_key_player_not_official_squad,curated_fan_layer,2026-05-22,Use for fan-facing key-player logic. Not an official World Cup squad or starting XI.
Curaçao,Vurnon Anita,Vurnon Anita,Midfielder,Midfielder,Midfielder,,6,Experienced midfielder,B,fan_key_player_not_official_squad,curated_fan_layer,2026-05-22,Use for fan-facing key-player logic. Not an official World Cup squad or starting XI.
Czechia,Patrik Schick,Patrik Schick,Forward,Striker,Striker,Bayer Leverkusen,8,Key striker,A,fan_key_player_not_official_squad,curated_fan_layer,2026-05-22,Use for fan-facing key-player logic. Not an official World Cup squad or starting XI.
Czechia,Tomáš Souček,Tomáš Souček,Midfielder,Midfielder,Box-to-box midfielder,West Ham United,8,Midfield leader,A,fan_key_player_not_official_squad,curated_fan_layer,2026-05-22,Use for fan-facing key-player logic. Not an official World Cup squad or starting XI.
Czechia,Adam Hložek,Adam Hložek,Forward,Forward,Forward,,7,Young attacker,B,fan_key_player_not_official_squad,curated_fan_layer,2026-05-22,Use for fan-facing key-player logic. Not an official World Cup squad or starting XI.
Czechia,Antonín Barák,Antonín Barák,Midfielder,Attacking Midfielder,Creator,,7,Midfielder,B,fan_key_player_not_official_squad,curated_fan_layer,2026-05-22,Use for fan-facing key-player logic. Not an official World Cup squad or starting XI.
Czechia,Vladimír Coufal,Vladimír Coufal,Defender,Defender,Right-back,West Ham United,7,Defender,B,fan_key_player_not_official_squad,curated_fan_layer,2026-05-22,Use for fan-facing key-player logic. Not an official World Cup squad or starting XI.
Côte d'Ivoire,Franck Kessié,Franck Kessié,Midfielder,Midfielder,Central midfielder,Al Ahli,8,Midfield leader,A,fan_key_player_not_official_squad,curated_fan_layer,2026-05-22,Use for fan-facing key-player logic. Not an official World Cup squad or starting XI.
Côte d'Ivoire,Sébastien Haller,Sébastien Haller,Forward,Striker,Striker,,8,Key striker,A,fan_key_player_not_official_squad,curated_fan_layer,2026-05-22,Use for fan-facing key-player logic. Not an official World Cup squad or starting XI.
Côte d'Ivoire,Evan Ndicka,Evan Ndicka,Defender,Defender,Centre-back,Roma,7,Defender,B,fan_key_player_not_official_squad,curated_fan_layer,2026-05-22,Use for fan-facing key-player logic. Not an official World Cup squad or starting XI.
Côte d'Ivoire,Simon Adingra,Simon Adingra,Forward,Winger,Winger,Brighton,7,Wide attacker,B,fan_key_player_not_official_squad,curated_fan_layer,2026-05-22,Use for fan-facing key-player logic. Not an official World Cup squad or starting XI.
Côte d'Ivoire,Wilfried Singo,Wilfried Singo,Defender,Defender,Defender,Monaco,7,Defender,B,fan_key_player_not_official_squad,curated_fan_layer,2026-05-22,Use for fan-facing key-player logic. Not an official World Cup squad or starting XI.
Ecuador,Moisés Caicedo,Moisés Caicedo,Midfielder,Midfielder,Central midfielder,Chelsea,10,Midfield leader,A,fan_key_player_not_official_squad,curated_fan_layer,2026-05-22,Use for fan-facing key-player logic. Not an official World Cup squad or starting XI.
Ecuador,Pervis Estupiñán,Pervis Estupiñán,Defender,Defender,Left-back,Brighton,8,Full-back,A,fan_key_player_not_official_squad,curated_fan_layer,2026-05-22,Use for fan-facing key-player logic. Not an official World Cup squad or starting XI.
Ecuador,Piero Hincapié,Piero Hincapié,Defender,Defender,Centre-back / left-back,Bayer Leverkusen,8,Key defender,A,fan_key_player_not_official_squad,curated_fan_layer,2026-05-22,Use for fan-facing key-player logic. Not an official World Cup squad or starting XI.
Ecuador,Willian Pacho,Willian Pacho,Defender,Defender,Centre-back,Paris Saint-Germain,8,Defender,A,fan_key_player_not_official_squad,curated_fan_layer,2026-05-22,Use for fan-facing key-player logic. Not an official World Cup squad or starting XI.
Ecuador,Kendry Páez,Kendry Páez,Midfielder,Attacking Midfielder,Creator,Chelsea,7,Young creator,B,fan_key_player_not_official_squad,curated_fan_layer,2026-05-22,Use for fan-facing key-player logic. Not an official World Cup squad or starting XI.
Egypt,Mohamed Salah,Mohamed Salah,Forward,Winger,Right winger,Liverpool,10,Global star / key attacker,A,fan_key_player_not_official_squad,curated_fan_layer,2026-05-22,Use for fan-facing key-player logic. Not an official World Cup squad or starting XI.
Egypt,Omar Marmoush,Omar Marmoush,Forward,Forward,Forward,Manchester City,8,Key attacker,A,fan_key_player_not_official_squad,curated_fan_layer,2026-05-22,Use for fan-facing key-player logic. Not an official World Cup squad or starting XI.
Egypt,Mostafa Mohamed,Mostafa Mohamed,Forward,Striker,Striker,Nantes,7,Striker option,B,fan_key_player_not_official_squad,curated_fan_layer,2026-05-22,Use for fan-facing key-player logic. Not an official World Cup squad or starting XI.
Egypt,Trézéguet,Trézéguet,Forward,Winger,Winger,,7,Wide option,B,fan_key_player_not_official_squad,curated_fan_layer,2026-05-22,Use for fan-facing key-player logic. Not an official World Cup squad or starting XI.
Egypt,Mohamed Elneny,Mohamed Elneny,Midfielder,Midfielder,Midfielder,,6,Experienced midfielder,B,fan_key_player_not_official_squad,curated_fan_layer,2026-05-22,Use for fan-facing key-player logic. Not an official World Cup squad or starting XI.
England,Harry Kane,Harry Kane,Forward,Striker,Striker,Bayern Munich,10,Key striker,A,fan_key_player_not_official_squad,curated_fan_layer,2026-05-22,Use for fan-facing key-player logic. Not an official World Cup squad or starting XI.
England,Jude Bellingham,Jude Bellingham,Midfielder,Attacking Midfielder,Attacking midfielder,Real Madrid,10,Key creator/scorer,A,fan_key_player_not_official_squad,curated_fan_layer,2026-05-22,Use for fan-facing key-player logic. Not an official World Cup squad or starting XI.
England,Bukayo Saka,Bukayo Saka,Forward,Winger,Right winger,Arsenal,9,Key winger,A,fan_key_player_not_official_squad,curated_fan_layer,2026-05-22,Use for fan-facing key-player logic. Not an official World Cup squad or starting XI.
England,Declan Rice,Declan Rice,Midfielder,Midfielder,Defensive/central midfielder,Arsenal,9,Midfield leader,A,fan_key_player_not_official_squad,curated_fan_layer,2026-05-22,Use for fan-facing key-player logic. Not an official World Cup squad or starting XI.
England,Cole Palmer,Cole Palmer,Midfielder,Attacking Midfielder,Attacking midfielder,Chelsea,8,Creative option,A,fan_key_player_not_official_squad,curated_fan_layer,2026-05-22,Use for fan-facing key-player logic. Not an official World Cup squad or starting XI.
England,John Stones,John Stones,Defender,Defender,Centre-back,Manchester City,8,Defender,A,fan_key_player_not_official_squad,curated_fan_layer,2026-05-22,Use for fan-facing key-player logic. Not an official World Cup squad or starting XI.
England,Phil Foden,Phil Foden,Midfielder,Attacking Midfielder,Attacking midfielder / winger,Manchester City,8,Creative option,A,fan_key_player_not_official_squad,curated_fan_layer,2026-05-22,Use for fan-facing key-player logic. Not an official World Cup squad or starting XI.
England,Trent Alexander-Arnold,Trent Alexander-Arnold,Defender,Defender,Right-back / playmaker,Real Madrid,8,Creative full-back,A,fan_key_player_not_official_squad,curated_fan_layer,2026-05-22,Use for fan-facing key-player logic. Not an official World Cup squad or starting XI.
England,Jordan Pickford,Jordan Pickford,Goalkeeper,Goalkeeper,Goalkeeper,Everton,7,Goalkeeper option,B,fan_key_player_not_official_squad,curated_fan_layer,2026-05-22,Use for fan-facing key-player logic. Not an official World Cup squad or starting XI.
France,Kylian Mbappé,Kylian Mbappé,Forward,Attacker,Striker / left forward,Real Madrid,10,Key attacker,A,fan_key_player_not_official_squad,curated_fan_layer,2026-05-22,Use for fan-facing key-player logic. Not an official World Cup squad or starting XI.
France,Aurélien Tchouaméni,Aurélien Tchouaméni,Midfielder,Midfielder,Defensive midfielder,Real Madrid,9,Key midfielder,A,fan_key_player_not_official_squad,curated_fan_layer,2026-05-22,Use for fan-facing key-player logic. Not an official World Cup squad or starting XI.
France,Michael Olise,Michael Olise,Forward,Winger,Right winger / creator,Bayern Munich,9,Key attacker,A,fan_key_player_not_official_squad,curated_fan_layer,2026-05-22,Use for fan-facing key-player logic. Not an official World Cup squad or starting XI.
France,Ousmane Dembélé,Ousmane Dembélé,Forward,Winger,Winger / creator,Paris Saint-Germain,9,Key attacker,A,fan_key_player_not_official_squad,curated_fan_layer,2026-05-22,Use for fan-facing key-player logic. Not an official World Cup squad or starting XI.
France,William Saliba,William Saliba,Defender,Defender,Centre-back,Arsenal,9,Key defender,A,fan_key_player_not_official_squad,curated_fan_layer,2026-05-22,Use for fan-facing key-player logic. Not an official World Cup squad or starting XI.
France,Bradley Barcola,Bradley Barcola,Forward,Winger,Left winger,Paris Saint-Germain,8,Important attacker,A,fan_key_player_not_official_squad,curated_fan_layer,2026-05-22,Use for fan-facing key-player logic. Not an official World Cup squad or starting XI.
France,Eduardo Camavinga,Eduardo Camavinga,Midfielder,Midfielder,Central midfielder,Real Madrid,8,Rotation/key midfielder,A,fan_key_player_not_official_squad,curated_fan_layer,2026-05-22,Use for fan-facing key-player logic. Not an official World Cup squad or starting XI.
France,Mike Maignan,Mike Maignan,Goalkeeper,Goalkeeper,Goalkeeper,AC Milan,8,Goalkeeper option,A,fan_key_player_not_official_squad,curated_fan_layer,2026-05-22,Use for fan-facing key-player logic. Not an official World Cup squad or starting XI.
France,Theo Hernández,Theo Hernández,Defender,Defender,Left-back,AC Milan,8,Key full-back,A,fan_key_player_not_official_squad,curated_fan_layer,2026-05-22,Use for fan-facing key-player logic. Not an official World Cup squad or starting XI.
Germany,Florian Wirtz,Florian Wirtz,Midfielder,Attacking Midfielder,Creator,Liverpool,10,Key creator,A,fan_key_player_not_official_squad,curated_fan_layer,2026-05-22,Use for fan-facing key-player logic. Not an official World Cup squad or starting XI.
Germany,Jamal Musiala,Jamal Musiala,Midfielder,Attacking Midfielder,Attacking midfielder,Bayern Munich,10,Key creator,A,fan_key_player_not_official_squad,curated_fan_layer,2026-05-22,Use for fan-facing key-player logic. Not an official World Cup squad or starting XI.
Germany,Antonio Rüdiger,Antonio Rüdiger,Defender,Defender,Centre-back,Real Madrid,9,Defensive leader,A,fan_key_player_not_official_squad,curated_fan_layer,2026-05-22,Use for fan-facing key-player logic. Not an official World Cup squad or starting XI.
Germany,Jonathan Tah,Jonathan Tah,Defender,Defender,Centre-back,Bayern Munich,8,Defender,A,fan_key_player_not_official_squad,curated_fan_layer,2026-05-22,Use for fan-facing key-player logic. Not an official World Cup squad or starting XI.
Germany,Joshua Kimmich,Joshua Kimmich,Midfielder,Midfielder,Midfielder / right-back,Bayern Munich,8,Leader,A,fan_key_player_not_official_squad,curated_fan_layer,2026-05-22,Use for fan-facing key-player logic. Not an official World Cup squad or starting XI.
Germany,Kai Havertz,Kai Havertz,Forward,Forward,Forward,Arsenal,8,Forward option,A,fan_key_player_not_official_squad,curated_fan_layer,2026-05-22,Use for fan-facing key-player logic. Not an official World Cup squad or starting XI.
Germany,Leroy Sané,Leroy Sané,Forward,Winger,Winger,Bayern Munich,8,Wide attacker,A,fan_key_player_not_official_squad,curated_fan_layer,2026-05-22,Use for fan-facing key-player logic. Not an official World Cup squad or starting XI.
Germany,Marc-André ter Stegen,Marc-André ter Stegen,Goalkeeper,Goalkeeper,Goalkeeper,Barcelona,8,Goalkeeper option,A,fan_key_player_not_official_squad,curated_fan_layer,2026-05-22,Use for fan-facing key-player logic. Not an official World Cup squad or starting XI.
Germany,Toni Kroos,Toni Kroos,Midfielder,Midfielder,Central midfielder,,8,Veteran playmaker,A,fan_key_player_not_official_squad,curated_fan_layer,2026-05-22,Use for fan-facing key-player logic. Not an official World Cup squad or starting XI.
Ghana,Mohammed Kudus,Mohammed Kudus,Forward,Attacking Midfielder,Creator / winger,West Ham United,9,Key attacker,A,fan_key_player_not_official_squad,curated_fan_layer,2026-05-22,Use for fan-facing key-player logic. Not an official World Cup squad or starting XI.
Ghana,Thomas Partey,Thomas Partey,Midfielder,Midfielder,Defensive midfielder,Arsenal,8,Midfield leader,A,fan_key_player_not_official_squad,curated_fan_layer,2026-05-22,Use for fan-facing key-player logic. Not an official World Cup squad or starting XI.
Ghana,Antoine Semenyo,Antoine Semenyo,Forward,Winger,Forward / winger,Bournemouth,7,Attacker,B,fan_key_player_not_official_squad,curated_fan_layer,2026-05-22,Use for fan-facing key-player logic. Not an official World Cup squad or starting XI.
Ghana,Iñaki Williams,Iñaki Williams,Forward,Forward,Forward,Athletic Club,7,Forward option,B,fan_key_player_not_official_squad,curated_fan_layer,2026-05-22,Use for fan-facing key-player logic. Not an official World Cup squad or starting XI.
Ghana,Jordan Ayew,Jordan Ayew,Forward,Forward,Forward,Leicester City,6,Experienced attacker,B,fan_key_player_not_official_squad,curated_fan_layer,2026-05-22,Use for fan-facing key-player logic. Not an official World Cup squad or starting XI.
Haiti,Duckens Nazon,Duckens Nazon,Forward,Striker,Striker,,7,Key striker,B,fan_key_player_not_official_squad,curated_fan_layer,2026-05-22,Use for fan-facing key-player logic. Not an official World Cup squad or starting XI.
Haiti,Frantzdy Pierrot,Frantzdy Pierrot,Forward,Striker,Forward,,7,Forward option,B,fan_key_player_not_official_squad,curated_fan_layer,2026-05-22,Use for fan-facing key-player logic. Not an official World Cup squad or starting XI.
Haiti,Danley Jean Jacques,Danley Jean Jacques,Midfielder,Midfielder,Midfielder,,6,Midfielder,B,fan_key_player_not_official_squad,curated_fan_layer,2026-05-22,Use for fan-facing key-player logic. Not an official World Cup squad or starting XI.
Haiti,Ricardo Adé,Ricardo Adé,Defender,Defender,Defender,,6,Defender,B,fan_key_player_not_official_squad,curated_fan_layer,2026-05-22,Use for fan-facing key-player logic. Not an official World Cup squad or starting XI.
IR Iran,Mehdi Taremi,Mehdi Taremi,Forward,Striker,Striker,Inter,8,Key striker,A,fan_key_player_not_official_squad,curated_fan_layer,2026-05-22,Use for fan-facing key-player logic. Not an official World Cup squad or starting XI.
IR Iran,Sardar Azmoun,Sardar Azmoun,Forward,Striker,Forward,,8,Key attacker,A,fan_key_player_not_official_squad,curated_fan_layer,2026-05-22,Use for fan-facing key-player logic. Not an official World Cup squad or starting XI.
IR Iran,Alireza Jahanbakhsh,Alireza Jahanbakhsh,Forward,Winger,Winger,,7,Experienced attacker,B,fan_key_player_not_official_squad,curated_fan_layer,2026-05-22,Use for fan-facing key-player logic. Not an official World Cup squad or starting XI.
IR Iran,Hossein Kanaani,Hossein Kanaani,Defender,Defender,Centre-back,,6,Defender,B,fan_key_player_not_official_squad,curated_fan_layer,2026-05-22,Use for fan-facing key-player logic. Not an official World Cup squad or starting XI.
IR Iran,Saman Ghoddos,Saman Ghoddos,Midfielder,Midfielder,Midfielder,,6,Midfielder,B,fan_key_player_not_official_squad,curated_fan_layer,2026-05-22,Use for fan-facing key-player logic. Not an official World Cup squad or starting XI.
Iraq,Aymen Hussein,Aymen Hussein,Forward,Striker,Striker,,8,Key striker,A,fan_key_player_not_official_squad,curated_fan_layer,2026-05-22,Use for fan-facing key-player logic. Not an official World Cup squad or starting XI.
Iraq,Ali Jasim,Ali Jasim,Forward,Winger,Winger,,7,Young attacker,B,fan_key_player_not_official_squad,curated_fan_layer,2026-05-22,Use for fan-facing key-player logic. Not an official World Cup squad or starting XI.
Iraq,Zidane Iqbal,Zidane Iqbal,Midfielder,Midfielder,Central midfielder,,7,Midfielder,B,fan_key_player_not_official_squad,curated_fan_layer,2026-05-22,Use for fan-facing key-player logic. Not an official World Cup squad or starting XI.
Iraq,Hussein Ali,Hussein Ali,Defender,Defender,Right-back,,6,Defender,B,fan_key_player_not_official_squad,curated_fan_layer,2026-05-22,Use for fan-facing key-player logic. Not an official World Cup squad or starting XI.
Japan,Kaoru Mitoma,Kaoru Mitoma,Forward,Winger,Left winger,Brighton,9,Key winger,A,fan_key_player_not_official_squad,curated_fan_layer,2026-05-22,Use for fan-facing key-player logic. Not an official World Cup squad or starting XI.
Japan,Takefusa Kubo,Takefusa Kubo,Forward,Winger,Right winger / creator,Real Sociedad,9,Key attacker,A,fan_key_player_not_official_squad,curated_fan_layer,2026-05-22,Use for fan-facing key-player logic. Not an official World Cup squad or starting XI.
Japan,Wataru Endo,Wataru Endo,Midfielder,Midfielder,Defensive midfielder,Liverpool,8,Midfield leader,A,fan_key_player_not_official_squad,curated_fan_layer,2026-05-22,Use for fan-facing key-player logic. Not an official World Cup squad or starting XI.
Japan,Daichi Kamada,Daichi Kamada,Midfielder,Attacking Midfielder,Creator,Crystal Palace,7,Creative midfielder,B,fan_key_player_not_official_squad,curated_fan_layer,2026-05-22,Use for fan-facing key-player logic. Not an official World Cup squad or starting XI.
Japan,Hidemasa Morita,Hidemasa Morita,Midfielder,Midfielder,Central midfielder,Sporting CP,7,Midfielder,B,fan_key_player_not_official_squad,curated_fan_layer,2026-05-22,Use for fan-facing key-player logic. Not an official World Cup squad or starting XI.
Japan,Ko Itakura,Ko Itakura,Defender,Defender,Centre-back,Borussia Mönchengladbach,7,Defender,B,fan_key_player_not_official_squad,curated_fan_layer,2026-05-22,Use for fan-facing key-player logic. Not an official World Cup squad or starting XI.
Jordan,Musa Al-Taamari,Musa Al-Taamari,Forward,Winger,Right winger,Montpellier,8,Key attacker,A,fan_key_player_not_official_squad,curated_fan_layer,2026-05-22,Use for fan-facing key-player logic. Not an official World Cup squad or starting XI.
Jordan,Yazan Al-Naimat,Yazan Al-Naimat,Forward,Striker,Striker,,7,Forward option,B,fan_key_player_not_official_squad,curated_fan_layer,2026-05-22,Use for fan-facing key-player logic. Not an official World Cup squad or starting XI.
Jordan,Abdallah Nasib,Abdallah Nasib,Defender,Defender,Centre-back,,6,Defender,B,fan_key_player_not_official_squad,curated_fan_layer,2026-05-22,Use for fan-facing key-player logic. Not an official World Cup squad or starting XI.
Jordan,Nizar Al-Rashdan,Nizar Al-Rashdan,Midfielder,Midfielder,Midfielder,,6,Midfielder,B,fan_key_player_not_official_squad,curated_fan_layer,2026-05-22,Use for fan-facing key-player logic. Not an official World Cup squad or starting XI.
Mexico,Edson Álvarez,Edson Álvarez,Midfielder,Midfielder,Defensive midfielder,West Ham United,8,Midfield leader,A,fan_key_player_not_official_squad,curated_fan_layer,2026-05-22,Use for fan-facing key-player logic. Not an official World Cup squad or starting XI.
Mexico,Hirving Lozano,Hirving Lozano,Forward,Winger,Winger,San Diego FC,8,Wide attacker,A,fan_key_player_not_official_squad,curated_fan_layer,2026-05-22,Use for fan-facing key-player logic. Not an official World Cup squad or starting XI.
Mexico,Santiago Giménez,Santiago Giménez,Forward,Striker,Striker,AC Milan,8,Key striker,A,fan_key_player_not_official_squad,curated_fan_layer,2026-05-22,Use for fan-facing key-player logic. Not an official World Cup squad or starting XI.
Mexico,Guillermo Ochoa,Guillermo Ochoa,Goalkeeper,Goalkeeper,Goalkeeper,,7,Experienced goalkeeper,B,fan_key_player_not_official_squad,curated_fan_layer,2026-05-22,Use for fan-facing key-player logic. Not an official World Cup squad or starting XI.
Mexico,Luis Chávez,Luis Chávez,Midfielder,Midfielder,Central midfielder,,7,Midfielder,B,fan_key_player_not_official_squad,curated_fan_layer,2026-05-22,Use for fan-facing key-player logic. Not an official World Cup squad or starting XI.
Morocco,Achraf Hakimi,Achraf Hakimi,Defender,Defender,Right-back,Paris Saint-Germain,10,Key full-back,A,fan_key_player_not_official_squad,curated_fan_layer,2026-05-22,Use for fan-facing key-player logic. Not an official World Cup squad or starting XI.
Morocco,Brahim Díaz,Brahim Díaz,Midfielder,Attacking Midfielder,Creator,Real Madrid,8,Creative attacker,A,fan_key_player_not_official_squad,curated_fan_layer,2026-05-22,Use for fan-facing key-player logic. Not an official World Cup squad or starting XI.
Morocco,Hakim Ziyech,Hakim Ziyech,Forward,Winger,Creator / winger,,8,Creative attacker,A,fan_key_player_not_official_squad,curated_fan_layer,2026-05-22,Use for fan-facing key-player logic. Not an official World Cup squad or starting XI.
Morocco,Noussair Mazraoui,Noussair Mazraoui,Defender,Defender,Full-back,Manchester United,8,Full-back,A,fan_key_player_not_official_squad,curated_fan_layer,2026-05-22,Use for fan-facing key-player logic. Not an official World Cup squad or starting XI.
Morocco,Sofyan Amrabat,Sofyan Amrabat,Midfielder,Midfielder,Defensive midfielder,Fenerbahçe,8,Midfielder,A,fan_key_player_not_official_squad,curated_fan_layer,2026-05-22,Use for fan-facing key-player logic. Not an official World Cup squad or starting XI.
Morocco,Yassine Bounou,Yassine Bounou,Goalkeeper,Goalkeeper,Goalkeeper,Al Hilal,8,Goalkeeper leader,A,fan_key_player_not_official_squad,curated_fan_layer,2026-05-22,Use for fan-facing key-player logic. Not an official World Cup squad or starting XI.
Morocco,Youssef En-Nesyri,Youssef En-Nesyri,Forward,Striker,Striker,Fenerbahçe,7,Forward option,B,fan_key_player_not_official_squad,curated_fan_layer,2026-05-22,Use for fan-facing key-player logic. Not an official World Cup squad or starting XI.
Netherlands,Virgil van Dijk,Virgil van Dijk,Defender,Defender,Centre-back,Liverpool,10,Defensive leader,A,fan_key_player_not_official_squad,curated_fan_layer,2026-05-22,Use for fan-facing key-player logic. Not an official World Cup squad or starting XI.
Netherlands,Frenkie de Jong,Frenkie de Jong,Midfielder,Midfielder,Central midfielder,Barcelona,9,Midfield leader,A,fan_key_player_not_official_squad,curated_fan_layer,2026-05-22,Use for fan-facing key-player logic. Not an official World Cup squad or starting XI.
Netherlands,Cody Gakpo,Cody Gakpo,Forward,Winger,Forward / winger,Liverpool,8,Key attacker,A,fan_key_player_not_official_squad,curated_fan_layer,2026-05-22,Use for fan-facing key-player logic. Not an official World Cup squad or starting XI.
Netherlands,Denzel Dumfries,Denzel Dumfries,Defender,Defender,Right wing-back,Inter,8,Attacking full-back,A,fan_key_player_not_official_squad,curated_fan_layer,2026-05-22,Use for fan-facing key-player logic. Not an official World Cup squad or starting XI.
Netherlands,Memphis Depay,Memphis Depay,Forward,Striker,Forward,Corinthians,8,Experienced attacker,A,fan_key_player_not_official_squad,curated_fan_layer,2026-05-22,Use for fan-facing key-player logic. Not an official World Cup squad or starting XI.
Netherlands,Nathan Aké,Nathan Aké,Defender,Defender,Centre-back / left-back,Manchester City,8,Defender,A,fan_key_player_not_official_squad,curated_fan_layer,2026-05-22,Use for fan-facing key-player logic. Not an official World Cup squad or starting XI.
Netherlands,Xavi Simons,Xavi Simons,Midfielder,Attacking Midfielder,Creator,RB Leipzig,8,Creative midfielder,A,fan_key_player_not_official_squad,curated_fan_layer,2026-05-22,Use for fan-facing key-player logic. Not an official World Cup squad or starting XI.
Netherlands,Micky van de Ven,Micky van de Ven,Defender,Defender,Centre-back,Tottenham Hotspur,7,Defender,B,fan_key_player_not_official_squad,curated_fan_layer,2026-05-22,Use for fan-facing key-player logic. Not an official World Cup squad or starting XI.
New Zealand,Chris Wood,Chris Wood,Forward,Striker,Striker,Nottingham Forest,8,Key striker,A,fan_key_player_not_official_squad,curated_fan_layer,2026-05-22,Use for fan-facing key-player logic. Not an official World Cup squad or starting XI.
New Zealand,Joe Bell,Joe Bell,Midfielder,Midfielder,Midfielder,,6,Midfielder,B,fan_key_player_not_official_squad,curated_fan_layer,2026-05-22,Use for fan-facing key-player logic. Not an official World Cup squad or starting XI.
New Zealand,Liberato Cacace,Liberato Cacace,Defender,Defender,Left-back,Empoli,6,Defender,B,fan_key_player_not_official_squad,curated_fan_layer,2026-05-22,Use for fan-facing key-player logic. Not an official World Cup squad or starting XI.
New Zealand,Sarpreet Singh,Sarpreet Singh,Midfielder,Attacking Midfielder,Creator,,6,Creator,B,fan_key_player_not_official_squad,curated_fan_layer,2026-05-22,Use for fan-facing key-player logic. Not an official World Cup squad or starting XI.
Norway,Erling Haaland,Erling Haaland,Forward,Striker,Striker,Manchester City,10,Global star / striker,A,fan_key_player_not_official_squad,curated_fan_layer,2026-05-22,Use for fan-facing key-player logic. Not an official World Cup squad or starting XI.
Norway,Martin Ødegaard,Martin Ødegaard,Midfielder,Attacking Midfielder,Creator,Arsenal,10,Captain / creator,A,fan_key_player_not_official_squad,curated_fan_layer,2026-05-22,Use for fan-facing key-player logic. Not an official World Cup squad or starting XI.
Norway,Alexander Sørloth,Alexander Sørloth,Forward,Striker,Striker,Atlético Madrid,7,Forward option,B,fan_key_player_not_official_squad,curated_fan_layer,2026-05-22,Use for fan-facing key-player logic. Not an official World Cup squad or starting XI.
Norway,Oscar Bobb,Oscar Bobb,Forward,Winger,Winger,Manchester City,6,Young attacker,B,fan_key_player_not_official_squad,curated_fan_layer,2026-05-22,Use for fan-facing key-player logic. Not an official World Cup squad or starting XI.
Norway,Sander Berge,Sander Berge,Midfielder,Midfielder,Central midfielder,Fulham,6,Midfielder,B,fan_key_player_not_official_squad,curated_fan_layer,2026-05-22,Use for fan-facing key-player logic. Not an official World Cup squad or starting XI.
Panama,Adalberto Carrasquilla,Adalberto Carrasquilla,Midfielder,Midfielder,Central midfielder,,7,Midfield leader,B,fan_key_player_not_official_squad,curated_fan_layer,2026-05-22,Use for fan-facing key-player logic. Not an official World Cup squad or starting XI.
Panama,Michael Murillo,Michael Murillo,Defender,Defender,Right-back,Marseille,7,Defender,B,fan_key_player_not_official_squad,curated_fan_layer,2026-05-22,Use for fan-facing key-player logic. Not an official World Cup squad or starting XI.
Panama,Aníbal Godoy,Aníbal Godoy,Midfielder,Midfielder,Midfielder,,6,Experienced midfielder,B,fan_key_player_not_official_squad,curated_fan_layer,2026-05-22,Use for fan-facing key-player logic. Not an official World Cup squad or starting XI.
Panama,José Fajardo,José Fajardo,Forward,Striker,Striker,,6,Forward option,B,fan_key_player_not_official_squad,curated_fan_layer,2026-05-22,Use for fan-facing key-player logic. Not an official World Cup squad or starting XI.
Paraguay,Julio Enciso,Julio Enciso,Forward,Forward,Forward,Brighton,8,Young attacker,A,fan_key_player_not_official_squad,curated_fan_layer,2026-05-22,Use for fan-facing key-player logic. Not an official World Cup squad or starting XI.
Paraguay,Miguel Almirón,Miguel Almirón,Midfielder,Attacking Midfielder,Attacking midfielder / winger,Newcastle United,8,Key attacker,A,fan_key_player_not_official_squad,curated_fan_layer,2026-05-22,Use for fan-facing key-player logic. Not an official World Cup squad or starting XI.
Paraguay,Gustavo Gómez,Gustavo Gómez,Defender,Defender,Centre-back,Palmeiras,7,Defensive leader,B,fan_key_player_not_official_squad,curated_fan_layer,2026-05-22,Use for fan-facing key-player logic. Not an official World Cup squad or starting XI.
Paraguay,Ramón Sosa,Ramón Sosa,Forward,Winger,Winger,,7,Wide attacker,B,fan_key_player_not_official_squad,curated_fan_layer,2026-05-22,Use for fan-facing key-player logic. Not an official World Cup squad or starting XI.
Portugal,Cristiano Ronaldo,Cristiano Ronaldo,Forward,Striker,Striker,Al Nassr,10,Global star / striker,A,fan_key_player_not_official_squad,curated_fan_layer,2026-05-22,Use for fan-facing key-player logic. Not an official World Cup squad or starting XI.
Portugal,Bernardo Silva,Bernardo Silva,Midfielder,Attacking Midfielder,Wide/central creator,Manchester City,9,Key creator,A,fan_key_player_not_official_squad,curated_fan_layer,2026-05-22,Use for fan-facing key-player logic. Not an official World Cup squad or starting XI.
Portugal,Bruno Fernandes,Bruno Fernandes,Midfielder,Attacking Midfielder,Creator,Manchester United,9,Key creator,A,fan_key_player_not_official_squad,curated_fan_layer,2026-05-22,Use for fan-facing key-player logic. Not an official World Cup squad or starting XI.
Portugal,Rúben Dias,Rúben Dias,Defender,Defender,Centre-back,Manchester City,9,Defensive leader,A,fan_key_player_not_official_squad,curated_fan_layer,2026-05-22,Use for fan-facing key-player logic. Not an official World Cup squad or starting XI.
Portugal,Vitinha,Vitinha,Midfielder,Midfielder,Central midfielder,Paris Saint-Germain,9,Key midfielder,A,fan_key_player_not_official_squad,curated_fan_layer,2026-05-22,Use for fan-facing key-player logic. Not an official World Cup squad or starting XI.
Portugal,Diogo Costa,Diogo Costa,Goalkeeper,Goalkeeper,Goalkeeper,Porto,8,Goalkeeper option,A,fan_key_player_not_official_squad,curated_fan_layer,2026-05-22,Use for fan-facing key-player logic. Not an official World Cup squad or starting XI.
Portugal,João Neves,João Neves,Midfielder,Midfielder,Central midfielder,Paris Saint-Germain,8,Young midfielder,A,fan_key_player_not_official_squad,curated_fan_layer,2026-05-22,Use for fan-facing key-player logic. Not an official World Cup squad or starting XI.
Portugal,Nuno Mendes,Nuno Mendes,Defender,Defender,Left-back,Paris Saint-Germain,8,Key full-back,A,fan_key_player_not_official_squad,curated_fan_layer,2026-05-22,Use for fan-facing key-player logic. Not an official World Cup squad or starting XI.
Portugal,Rafael Leão,Rafael Leão,Forward,Winger,Left winger,AC Milan,8,Key winger,A,fan_key_player_not_official_squad,curated_fan_layer,2026-05-22,Use for fan-facing key-player logic. Not an official World Cup squad or starting XI.
Qatar,Akram Afif,Akram Afif,Forward,Winger,Creator / winger,Al Sadd,9,Key attacker,A,fan_key_player_not_official_squad,curated_fan_layer,2026-05-22,Use for fan-facing key-player logic. Not an official World Cup squad or starting XI.
Qatar,Almoez Ali,Almoez Ali,Forward,Striker,Striker,Al Duhail,8,Key striker,A,fan_key_player_not_official_squad,curated_fan_layer,2026-05-22,Use for fan-facing key-player logic. Not an official World Cup squad or starting XI.
Qatar,Hassan Al-Haydos,Hassan Al-Haydos,Midfielder,Attacking Midfielder,Creator,Al Sadd,7,Experienced creator,B,fan_key_player_not_official_squad,curated_fan_layer,2026-05-22,Use for fan-facing key-player logic. Not an official World Cup squad or starting XI.
Qatar,Boualem Khoukhi,Boualem Khoukhi,Defender,Defender,Defender,,6,Defender,B,fan_key_player_not_official_squad,curated_fan_layer,2026-05-22,Use for fan-facing key-player logic. Not an official World Cup squad or starting XI.
Saudi Arabia,Salem Al-Dawsari,Salem Al-Dawsari,Forward,Winger,Left winger,Al Hilal,8,Key attacker,A,fan_key_player_not_official_squad,curated_fan_layer,2026-05-22,Use for fan-facing key-player logic. Not an official World Cup squad or starting XI.
Saudi Arabia,Firas Al-Buraikan,Firas Al-Buraikan,Forward,Striker,Striker,Al Ahli,7,Forward option,B,fan_key_player_not_official_squad,curated_fan_layer,2026-05-22,Use for fan-facing key-player logic. Not an official World Cup squad or starting XI.
Saudi Arabia,Saud Abdulhamid,Saud Abdulhamid,Defender,Defender,Right-back,Roma,7,Key full-back,B,fan_key_player_not_official_squad,curated_fan_layer,2026-05-22,Use for fan-facing key-player logic. Not an official World Cup squad or starting XI.
Saudi Arabia,Hassan Al-Tambakti,Hassan Al-Tambakti,Defender,Defender,Centre-back,Al Hilal,6,Defender,B,fan_key_player_not_official_squad,curated_fan_layer,2026-05-22,Use for fan-facing key-player logic. Not an official World Cup squad or starting XI.
Saudi Arabia,Mohamed Kanno,Mohamed Kanno,Midfielder,Midfielder,Central midfielder,Al Hilal,6,Midfielder,B,fan_key_player_not_official_squad,curated_fan_layer,2026-05-22,Use for fan-facing key-player logic. Not an official World Cup squad or starting XI.
Saudi Arabia,Saleh Al-Shehri,Saleh Al-Shehri,Forward,Striker,Striker,,6,Forward option,B,fan_key_player_not_official_squad,curated_fan_layer,2026-05-22,Use for fan-facing key-player logic. Not an official World Cup squad or starting XI.
Saudi Arabia,Nawaf Al-Aqidi,Nawaf Al-Aqidi,Goalkeeper,Goalkeeper,Goalkeeper,Al Nassr,5,Goalkeeper option,C,fan_key_player_not_official_squad,curated_fan_layer,2026-05-22,Use for fan-facing key-player logic. Not an official World Cup squad or starting XI.
Scotland,Andy Robertson,Andy Robertson,Defender,Defender,Left-back,Liverpool,9,Captain / full-back,A,fan_key_player_not_official_squad,curated_fan_layer,2026-05-22,Use for fan-facing key-player logic. Not an official World Cup squad or starting XI.
Scotland,John McGinn,John McGinn,Midfielder,Midfielder,Central midfielder,Aston Villa,8,Midfielder,A,fan_key_player_not_official_squad,curated_fan_layer,2026-05-22,Use for fan-facing key-player logic. Not an official World Cup squad or starting XI.
Scotland,Scott McTominay,Scott McTominay,Midfielder,Midfielder,Box-to-box midfielder,Napoli,8,Goal-scoring midfielder,A,fan_key_player_not_official_squad,curated_fan_layer,2026-05-22,Use for fan-facing key-player logic. Not an official World Cup squad or starting XI.
Scotland,Billy Gilmour,Billy Gilmour,Midfielder,Midfielder,Central midfielder,Napoli,7,Midfielder,B,fan_key_player_not_official_squad,curated_fan_layer,2026-05-22,Use for fan-facing key-player logic. Not an official World Cup squad or starting XI.
Scotland,Kieran Tierney,Kieran Tierney,Defender,Defender,Left-back / centre-back,Arsenal,7,Defender,B,fan_key_player_not_official_squad,curated_fan_layer,2026-05-22,Use for fan-facing key-player logic. Not an official World Cup squad or starting XI.
Senegal,Sadio Mané,Sadio Mané,Forward,Winger,Forward / winger,Al Nassr,9,Key attacker,A,fan_key_player_not_official_squad,curated_fan_layer,2026-05-22,Use for fan-facing key-player logic. Not an official World Cup squad or starting XI.
Senegal,Kalidou Koulibaly,Kalidou Koulibaly,Defender,Defender,Centre-back,Al Hilal,8,Defensive leader,A,fan_key_player_not_official_squad,curated_fan_layer,2026-05-22,Use for fan-facing key-player logic. Not an official World Cup squad or starting XI.
Senegal,Nicolas Jackson,Nicolas Jackson,Forward,Striker,Striker,Chelsea,8,Forward option,A,fan_key_player_not_official_squad,curated_fan_layer,2026-05-22,Use for fan-facing key-player logic. Not an official World Cup squad or starting XI.
Senegal,Pape Matar Sarr,Pape Matar Sarr,Midfielder,Midfielder,Central midfielder,Tottenham Hotspur,8,Midfielder,A,fan_key_player_not_official_squad,curated_fan_layer,2026-05-22,Use for fan-facing key-player logic. Not an official World Cup squad or starting XI.
Senegal,Ismaïla Sarr,Ismaïla Sarr,Forward,Winger,Winger,Crystal Palace,7,Wide attacker,B,fan_key_player_not_official_squad,curated_fan_layer,2026-05-22,Use for fan-facing key-player logic. Not an official World Cup squad or starting XI.
Senegal,Édouard Mendy,Édouard Mendy,Goalkeeper,Goalkeeper,Goalkeeper,Al Ahli,7,Goalkeeper option,B,fan_key_player_not_official_squad,curated_fan_layer,2026-05-22,Use for fan-facing key-player logic. Not an official World Cup squad or starting XI.
South Africa,Ronwen Williams,Ronwen Williams,Goalkeeper,Goalkeeper,Goalkeeper,Mamelodi Sundowns,8,Goalkeeper leader,A,fan_key_player_not_official_squad,curated_fan_layer,2026-05-22,Use for fan-facing key-player logic. Not an official World Cup squad or starting XI.
South Africa,Percy Tau,Percy Tau,Forward,Forward,Forward,,7,Key attacker,B,fan_key_player_not_official_squad,curated_fan_layer,2026-05-22,Use for fan-facing key-player logic. Not an official World Cup squad or starting XI.
South Africa,Teboho Mokoena,Teboho Mokoena,Midfielder,Midfielder,Central midfielder,Mamelodi Sundowns,7,Midfield leader,B,fan_key_player_not_official_squad,curated_fan_layer,2026-05-22,Use for fan-facing key-player logic. Not an official World Cup squad or starting XI.
South Africa,Themba Zwane,Themba Zwane,Midfielder,Attacking Midfielder,Creator,Mamelodi Sundowns,7,Creative leader,B,fan_key_player_not_official_squad,curated_fan_layer,2026-05-22,Use for fan-facing key-player logic. Not an official World Cup squad or starting XI.
South Korea,Son Heung-min,Son Heung-min,Forward,Winger,Forward / winger,Tottenham Hotspur,10,Global star / captain,A,fan_key_player_not_official_squad,curated_fan_layer,2026-05-22,Use for fan-facing key-player logic. Not an official World Cup squad or starting XI.
South Korea,Kim Min-jae,Kim Min-jae,Defender,Defender,Centre-back,Bayern Munich,9,Defensive leader,A,fan_key_player_not_official_squad,curated_fan_layer,2026-05-22,Use for fan-facing key-player logic. Not an official World Cup squad or starting XI.
South Korea,Lee Kang-in,Lee Kang-in,Midfielder,Attacking Midfielder,Creator,Paris Saint-Germain,8,Creative midfielder,A,fan_key_player_not_official_squad,curated_fan_layer,2026-05-22,Use for fan-facing key-player logic. Not an official World Cup squad or starting XI.
South Korea,Hwang Hee-chan,Hwang Hee-chan,Forward,Forward,Forward,Wolves,7,Attacker,B,fan_key_player_not_official_squad,curated_fan_layer,2026-05-22,Use for fan-facing key-player logic. Not an official World Cup squad or starting XI.
South Korea,Cho Gue-sung,Cho Gue-sung,Forward,Striker,Striker,,6,Forward option,B,fan_key_player_not_official_squad,curated_fan_layer,2026-05-22,Use for fan-facing key-player logic. Not an official World Cup squad or starting XI.
Spain,Lamine Yamal,Lamine Yamal,Forward,Winger,Right winger,Barcelona,10,Key attacker,A,fan_key_player_not_official_squad,curated_fan_layer,2026-05-22,Use for fan-facing key-player logic. Not an official World Cup squad or starting XI.
Spain,Pedri,Pedri,Midfielder,Midfielder,Central midfielder / creator,Barcelona,10,Key creator,A,fan_key_player_not_official_squad,curated_fan_layer,2026-05-22,Use for fan-facing key-player logic. Not an official World Cup squad or starting XI.
Spain,Rodri,Rodri,Midfielder,Midfielder,Defensive midfielder,Manchester City,10,Midfield leader,A,fan_key_player_not_official_squad,curated_fan_layer,2026-05-22,Use for fan-facing key-player logic. Not an official World Cup squad or starting XI.
Spain,Nico Williams,Nico Williams,Forward,Winger,Left winger,Athletic Club,9,Key winger,A,fan_key_player_not_official_squad,curated_fan_layer,2026-05-22,Use for fan-facing key-player logic. Not an official World Cup squad or starting XI.
Spain,Dani Carvajal,Dani Carvajal,Defender,Defender,Right-back,Real Madrid,8,Experienced full-back,A,fan_key_player_not_official_squad,curated_fan_layer,2026-05-22,Use for fan-facing key-player logic. Not an official World Cup squad or starting XI.
Spain,Dani Olmo,Dani Olmo,Midfielder,Attacking Midfielder,Attacking midfielder,Barcelona,8,Creative midfielder,A,fan_key_player_not_official_squad,curated_fan_layer,2026-05-22,Use for fan-facing key-player logic. Not an official World Cup squad or starting XI.
Spain,Fabián Ruiz,Fabián Ruiz,Midfielder,Midfielder,Central midfielder,Paris Saint-Germain,8,Midfielder,A,fan_key_player_not_official_squad,curated_fan_layer,2026-05-22,Use for fan-facing key-player logic. Not an official World Cup squad or starting XI.
Spain,Gavi,Gavi,Midfielder,Midfielder,Central midfielder,Barcelona,8,Key/rotation midfielder,A,fan_key_player_not_official_squad,curated_fan_layer,2026-05-22,Use for fan-facing key-player logic. Not an official World Cup squad or starting XI.
Spain,Aymeric Laporte,Aymeric Laporte,Defender,Defender,Centre-back,,7,Defender,B,fan_key_player_not_official_squad,curated_fan_layer,2026-05-22,Use for fan-facing key-player logic. Not an official World Cup squad or starting XI.
Spain,Unai Simón,Unai Simón,Goalkeeper,Goalkeeper,Goalkeeper,Athletic Club,7,Goalkeeper option,B,fan_key_player_not_official_squad,curated_fan_layer,2026-05-22,Use for fan-facing key-player logic. Not an official World Cup squad or starting XI.
Spain,Álvaro Morata,Álvaro Morata,Forward,Striker,Striker,,7,Striker option,B,fan_key_player_not_official_squad,curated_fan_layer,2026-05-22,Use for fan-facing key-player logic. Not an official World Cup squad or starting XI.
Switzerland,Granit Xhaka,Granit Xhaka,Midfielder,Midfielder,Central midfielder,Bayer Leverkusen,9,Midfield leader,A,fan_key_player_not_official_squad,curated_fan_layer,2026-05-22,Use for fan-facing key-player logic. Not an official World Cup squad or starting XI.
Switzerland,Gregor Kobel,Gregor Kobel,Goalkeeper,Goalkeeper,Goalkeeper,Borussia Dortmund,8,Goalkeeper option,A,fan_key_player_not_official_squad,curated_fan_layer,2026-05-22,Use for fan-facing key-player logic. Not an official World Cup squad or starting XI.
Switzerland,Manuel Akanji,Manuel Akanji,Defender,Defender,Centre-back,Manchester City,8,Defensive leader,A,fan_key_player_not_official_squad,curated_fan_layer,2026-05-22,Use for fan-facing key-player logic. Not an official World Cup squad or starting XI.
Switzerland,Breel Embolo,Breel Embolo,Forward,Striker,Striker,Monaco,7,Forward option,B,fan_key_player_not_official_squad,curated_fan_layer,2026-05-22,Use for fan-facing key-player logic. Not an official World Cup squad or starting XI.
Switzerland,Noah Okafor,Noah Okafor,Forward,Winger,Forward / winger,AC Milan,7,Attacker,B,fan_key_player_not_official_squad,curated_fan_layer,2026-05-22,Use for fan-facing key-player logic. Not an official World Cup squad or starting XI.
Tunisia,Ellyes Skhiri,Ellyes Skhiri,Midfielder,Midfielder,Defensive midfielder,Eintracht Frankfurt,7,Midfield leader,B,fan_key_player_not_official_squad,curated_fan_layer,2026-05-22,Use for fan-facing key-player logic. Not an official World Cup squad or starting XI.
Tunisia,Montassar Talbi,Montassar Talbi,Defender,Defender,Centre-back,,7,Defender,B,fan_key_player_not_official_squad,curated_fan_layer,2026-05-22,Use for fan-facing key-player logic. Not an official World Cup squad or starting XI.
Tunisia,Wahbi Khazri,Wahbi Khazri,Forward,Forward,Forward,,7,Experienced attacker,B,fan_key_player_not_official_squad,curated_fan_layer,2026-05-22,Use for fan-facing key-player logic. Not an official World Cup squad or starting XI.
Tunisia,Hannibal Mejbri,Hannibal Mejbri,Midfielder,Midfielder,Midfielder,,6,Midfielder,B,fan_key_player_not_official_squad,curated_fan_layer,2026-05-22,Use for fan-facing key-player logic. Not an official World Cup squad or starting XI.
Türkiye,Arda Güler,Arda Güler,Midfielder,Attacking Midfielder,Creator,Real Madrid,10,Key young creator,A,fan_key_player_not_official_squad,curated_fan_layer,2026-05-22,Use for fan-facing key-player logic. Not an official World Cup squad or starting XI.
Türkiye,Hakan Çalhanoğlu,Hakan Çalhanoğlu,Midfielder,Midfielder,Deep playmaker,Inter,9,Midfield leader,A,fan_key_player_not_official_squad,curated_fan_layer,2026-05-22,Use for fan-facing key-player logic. Not an official World Cup squad or starting XI.
Türkiye,Kenan Yıldız,Kenan Yıldız,Forward,Winger,Forward / winger,Juventus,8,Young attacker,A,fan_key_player_not_official_squad,curated_fan_layer,2026-05-22,Use for fan-facing key-player logic. Not an official World Cup squad or starting XI.
Türkiye,Merih Demiral,Merih Demiral,Defender,Defender,Centre-back,Al Ahli,7,Defender,B,fan_key_player_not_official_squad,curated_fan_layer,2026-05-22,Use for fan-facing key-player logic. Not an official World Cup squad or starting XI.
Türkiye,Orkun Kökçü,Orkun Kökçü,Midfielder,Midfielder,Central midfielder,Benfica,7,Midfielder,B,fan_key_player_not_official_squad,curated_fan_layer,2026-05-22,Use for fan-facing key-player logic. Not an official World Cup squad or starting XI.
USA,Christian Pulisic,Christian Pulisic,Forward,Winger,Winger / creator,AC Milan,10,Key attacker,A,fan_key_player_not_official_squad,curated_fan_layer,2026-05-22,Use for fan-facing key-player logic. Not an official World Cup squad or starting XI.
USA,Antonee Robinson,Antonee Robinson,Defender,Defender,Left-back,Fulham,8,Full-back,A,fan_key_player_not_official_squad,curated_fan_layer,2026-05-22,Use for fan-facing key-player logic. Not an official World Cup squad or starting XI.
USA,Weston McKennie,Weston McKennie,Midfielder,Midfielder,Box-to-box midfielder,Juventus,8,Midfielder,A,fan_key_player_not_official_squad,curated_fan_layer,2026-05-22,Use for fan-facing key-player logic. Not an official World Cup squad or starting XI.
USA,Gio Reyna,Gio Reyna,Midfielder,Attacking Midfielder,Creator,Borussia Dortmund,7,Creative option,B,fan_key_player_not_official_squad,curated_fan_layer,2026-05-22,Use for fan-facing key-player logic. Not an official World Cup squad or starting XI.
USA,Tim Weah,Tim Weah,Forward,Winger,Winger,Juventus,7,Wide option,B,fan_key_player_not_official_squad,curated_fan_layer,2026-05-22,Use for fan-facing key-player logic. Not an official World Cup squad or starting XI.
USA,Tyler Adams,Tyler Adams,Midfielder,Midfielder,Defensive midfielder,Bournemouth,7,Midfielder,B,fan_key_player_not_official_squad,curated_fan_layer,2026-05-22,Use for fan-facing key-player logic. Not an official World Cup squad or starting XI.
USA,Yunus Musah,Yunus Musah,Midfielder,Midfielder,Central midfielder,AC Milan,7,Midfielder,B,fan_key_player_not_official_squad,curated_fan_layer,2026-05-22,Use for fan-facing key-player logic. Not an official World Cup squad or starting XI.
Uruguay,Federico Valverde,Federico Valverde,Midfielder,Midfielder,Central midfielder,Real Madrid,10,Midfield leader,A,fan_key_player_not_official_squad,curated_fan_layer,2026-05-22,Use for fan-facing key-player logic. Not an official World Cup squad or starting XI.
Uruguay,Ronald Araújo,Ronald Araújo,Defender,Defender,Centre-back,Barcelona,9,Defensive leader,A,fan_key_player_not_official_squad,curated_fan_layer,2026-05-22,Use for fan-facing key-player logic. Not an official World Cup squad or starting XI.
Uruguay,Darwin Núñez,Darwin Núñez,Forward,Striker,Striker,Liverpool,8,Key forward,A,fan_key_player_not_official_squad,curated_fan_layer,2026-05-22,Use for fan-facing key-player logic. Not an official World Cup squad or starting XI.
Uruguay,Manuel Ugarte,Manuel Ugarte,Midfielder,Midfielder,Defensive midfielder,Manchester United,8,Ball-winner,A,fan_key_player_not_official_squad,curated_fan_layer,2026-05-22,Use for fan-facing key-player logic. Not an official World Cup squad or starting XI.
Uruguay,José María Giménez,José María Giménez,Defender,Defender,Centre-back,Atlético Madrid,7,Defender,B,fan_key_player_not_official_squad,curated_fan_layer,2026-05-22,Use for fan-facing key-player logic. Not an official World Cup squad or starting XI.
Uruguay,Rodrigo Bentancur,Rodrigo Bentancur,Midfielder,Midfielder,Central midfielder,Tottenham Hotspur,7,Midfielder,B,fan_key_player_not_official_squad,curated_fan_layer,2026-05-22,Use for fan-facing key-player logic. Not an official World Cup squad or starting XI.
Uzbekistan,Abbosbek Fayzullaev,Abbosbek Fayzullaev,Midfielder,Attacking Midfielder,Creator,CSKA Moscow,8,Young creator,A,fan_key_player_not_official_squad,curated_fan_layer,2026-05-22,Use for fan-facing key-player logic. Not an official World Cup squad or starting XI.
Uzbekistan,Abdukodir Khusanov,Abdukodir Khusanov,Defender,Defender,Centre-back,Manchester City,8,Key defender,A,fan_key_player_not_official_squad,curated_fan_layer,2026-05-22,Use for fan-facing key-player logic. Not an official World Cup squad or starting XI.
Uzbekistan,Eldor Shomurodov,Eldor Shomurodov,Forward,Striker,Striker,,8,Key striker,A,fan_key_player_not_official_squad,curated_fan_layer,2026-05-22,Use for fan-facing key-player logic. Not an official World Cup squad or starting XI.
Uzbekistan,Jaloliddin Masharipov,Jaloliddin Masharipov,Midfielder,Attacking Midfielder,Creator,,7,Creative midfielder,B,fan_key_player_not_official_squad,curated_fan_layer,2026-05-22,Use for fan-facing key-player logic. Not an official World Cup squad or starting XI.
