country,player_name,display_name,position,role_group,sub_role,club_reference,fan_importance,expected_role,priority_tier,selection_status,source_type,last_updated,notes,show_in_fan_views,use_in_match_summary,avoid_as_headline_unless_gk_context,summary_rank
Germany,Jamal Musiala,Jamal Musiala,Midfielder,Attacking Midfielder,Creator / dribbler,Bayern Munich,10,Key creator,A,fan_key_player_not_official_squad,curated_fan_layer_v4,2026-05-22,Curated fan-facing player. Not an official squad confirmation.,True,True,False,1
Germany,Florian Wirtz,Florian Wirtz,Midfielder,Attacking Midfielder,Creator,Liverpool,10,Key creator,A,fan_key_player_not_official_squad,curated_fan_layer_v4,2026-05-22,Curated fan-facing player. Not an official squad confirmation.,True,True,False,2
Netherlands,Virgil van Dijk,Virgil van Dijk,Defender,Defender,Centre-back,Liverpool,10,Defensive leader,A,fan_key_player_not_official_squad,curated_fan_layer_v4,2026-05-22,Curated fan-facing player. Not an official squad confirmation.,True,True,False,1
Morocco,Achraf Hakimi,Achraf Hakimi,Defender,Defender,Right-back,Paris Saint-Germain,10,Key defender,A,fan_key_player_not_official_squad,curated_fan_layer_v4,2026-05-22,Curated fan-facing player. Not an official squad confirmation.,True,True,False,1
Norway,Erling Haaland,Erling Haaland,Forward,Striker,Striker,Manchester City,10,Key striker,A,fan_key_player_not_official_squad,curated_fan_layer_v4,2026-05-22,Curated fan-facing player. Not an official squad confirmation.,True,True,False,1
Norway,Martin Ødegaard,Martin Ødegaard,Midfielder,Attacking Midfielder,Creator,Arsenal,10,Key creator,A,fan_key_player_not_official_squad,curated_fan_layer_v4,2026-05-22,Curated fan-facing player. Not an official squad confirmation.,True,True,False,2
England,Phil Foden,Phil Foden,Forward,Attacking Midfielder,Creator / wide forward,Manchester City,9,Key creator,A,fan_key_player_not_official_squad,curated_fan_layer_v4,2026-05-22,Curated fan-facing player. Not an official squad confirmation.,True,True,False,3
England,Declan Rice,Declan Rice,Midfielder,Midfielder,Defensive midfielder,Arsenal,9,Key midfielder,A,fan_key_player_not_official_squad,curated_fan_layer_v4,2026-05-22,Curated fan-facing player. Not an official squad confirmation.,True,True,False,4
Argentina,Emiliano Martínez,Emiliano Martínez,Goalkeeper,Goalkeeper,Goalkeeper,Aston Villa,9,Key goalkeeper,A,fan_key_player_not_official_squad,curated_fan_layer_v4,2026-05-22,Curated fan-facing player. Not an official squad confirmation.,True,True,True,2
Argentina,Cristian Romero,Cristian Romero,Defender,Defender,Centre-back,Tottenham Hotspur,9,Key defender,A,fan_key_player_not_official_squad,curated_fan_layer_v4,2026-05-22,Curated fan-facing player. Not an official squad confirmation.,True,True,False,3
Portugal,Rúben Dias,Rúben Dias,Defender,Defender,Centre-back,Manchester City,9,Key defender,A,fan_key_player_not_official_squad,curated_fan_layer_v4,2026-05-22,Curated fan-facing player. Not an official squad confirmation.,True,True,False,2
Germany,Joshua Kimmich,Joshua Kimmich,Midfielder,Midfielder,Controller,Bayern Munich,9,Key midfielder,A,fan_key_player_not_official_squad,curated_fan_layer_v4,2026-05-22,Curated fan-facing player. Not an official squad confirmation.,True,True,False,3
Senegal,Sadio Mané,Sadio Mané,Forward,Winger,Forward / winger,Al Nassr,9,Key attacker,A,fan_key_player_not_official_squad,curated_fan_layer_v4,2026-05-22,Curated fan-facing player. Not an official squad confirmation.,True,True,False,1
USA,Christian Pulisic,Christian Pulisic,Forward,Winger,Winger / creator,AC Milan,9,Key attacker,A,fan_key_player_not_official_squad,curated_fan_layer_v4,2026-05-22,Curated fan-facing player. Not an official squad confirmation.,True,True,False,1
Croatia,Luka Modrić,Luka Modrić,Midfielder,Midfielder,Controller,Real Madrid,9,Senior creator,A,fan_key_player_not_official_squad,curated_fan_layer_v4,2026-05-22,Curated fan-facing player. Not an official squad confirmation.,True,True,False,1
Croatia,Joško Gvardiol,Joško Gvardiol,Defender,Defender,Centre-back / left-back,Manchester City,9,Key defender,A,fan_key_player_not_official_squad,curated_fan_layer_v4,2026-05-22,Curated fan-facing player. Not an official squad confirmation.,True,True,False,2
Ghana,Mohammed Kudus,Mohammed Kudus,Forward,Attacking Midfielder,Creator / winger,West Ham United,9,Key attacker,A,fan_key_player_not_official_squad,curated_fan_layer_v4,2026-05-22,Curated fan-facing player. Not an official squad confirmation.,True,True,False,1
France,Jules Koundé,Jules Koundé,Defender,Defender,Right-back / centre-back,Barcelona,8,Key defender,A,fan_key_player_not_official_squad,curated_fan_layer_v4,2026-05-22,Curated fan-facing player. Not an official squad confirmation.,True,True,False,6
France,Dayot Upamecano,Dayot Upamecano,Defender,Defender,Centre-back,Bayern Munich,8,Key defender,A,fan_key_player_not_official_squad,curated_fan_layer_v4,2026-05-22,Curated fan-facing player. Not an official squad confirmation.,True,True,False,7
France,Antoine Griezmann,Antoine Griezmann,Forward,Attacking Midfielder,Second striker / creator,Atlético Madrid,8,Senior creator,A,fan_key_player_not_official_squad,curated_fan_layer_v4,2026-05-22,Curated fan-facing player. Not an official squad confirmation.,True,True,False,8
England,John Stones,John Stones,Defender,Defender,Centre-back,Manchester City,8,Key defender,A,fan_key_player_not_official_squad,curated_fan_layer_v4,2026-05-22,Curated fan-facing player. Not an official squad confirmation.,True,True,False,6
England,Trent Alexander-Arnold,Trent Alexander-Arnold,Defender,Defender,Right-back / creator,Real Madrid,8,Creative defender,A,fan_key_player_not_official_squad,curated_fan_layer_v4,2026-05-22,Curated fan-facing player. Not an official squad confirmation.,True,True,False,7
Brazil,Éder Militão,Éder Militão,Defender,Defender,Centre-back,Real Madrid,8,Key defender,A,fan_key_player_not_official_squad,curated_fan_layer_v4,2026-05-22,Curated fan-facing player. Not an official squad confirmation.,True,True,False,5
Argentina,Enzo Fernández,Enzo Fernández,Midfielder,Midfielder,Central midfielder,Chelsea,8,Key midfielder,A,fan_key_player_not_official_squad,curated_fan_layer_v4,2026-05-22,Curated fan-facing player. Not an official squad confirmation.,True,True,False,6
Portugal,Diogo Costa,Diogo Costa,Goalkeeper,Goalkeeper,Goalkeeper,Porto,8,Key goalkeeper,A,fan_key_player_not_official_squad,curated_fan_layer_v4,2026-05-22,Curated fan-facing player. Not an official squad confirmation.,True,False,True,6
Portugal,Nuno Mendes,Nuno Mendes,Defender,Defender,Left-back,Paris Saint-Germain,8,Key full-back,A,fan_key_player_not_official_squad,curated_fan_layer_v4,2026-05-22,Curated fan-facing player. Not an official squad confirmation.,True,True,False,7
Portugal,João Cancelo,João Cancelo,Defender,Defender,Full-back,Al Hilal,8,Creative full-back,A,fan_key_player_not_official_squad,curated_fan_layer_v4,2026-05-22,Curated fan-facing player. Not an official squad confirmation.,True,True,False,8
Netherlands,Cody Gakpo,Cody Gakpo,Forward,Forward,Forward / winger,Liverpool,8,Key forward,A,fan_key_player_not_official_squad,curated_fan_layer_v4,2026-05-22,Curated fan-facing player. Not an official squad confirmation.,True,True,False,3
Uruguay,Darwin Núñez,Darwin Núñez,Forward,Striker,Striker,Liverpool,8,Key striker,A,fan_key_player_not_official_squad,curated_fan_layer_v4,2026-05-22,Curated fan-facing player. Not an official squad confirmation.,True,True,False,3
Uruguay,Manuel Ugarte,Manuel Ugarte,Midfielder,Midfielder,Defensive midfielder,Manchester United,8,Key midfielder,A,fan_key_player_not_official_squad,curated_fan_layer_v4,2026-05-22,Curated fan-facing player. Not an official squad confirmation.,True,True,False,4
Morocco,Sofyan Amrabat,Sofyan Amrabat,Midfielder,Midfielder,Defensive midfielder,Fenerbahçe,8,Key midfielder,A,fan_key_player_not_official_squad,curated_fan_layer_v4,2026-05-22,Curated fan-facing player. Not an official squad confirmation.,True,True,False,2
Senegal,Kalidou Koulibaly,Kalidou Koulibaly,Defender,Defender,Centre-back,Al Hilal,8,Defensive leader,A,fan_key_player_not_official_squad,curated_fan_layer_v4,2026-05-22,Curated fan-facing player. Not an official squad confirmation.,True,True,False,2
USA,Weston McKennie,Weston McKennie,Midfielder,Midfielder,Box-to-box midfielder,Juventus,8,Key midfielder,A,fan_key_player_not_official_squad,curated_fan_layer_v4,2026-05-22,Curated fan-facing player. Not an official squad confirmation.,True,True,False,2
Ghana,Thomas Partey,Thomas Partey,Midfielder,Midfielder,Defensive midfielder,Arsenal,8,Key midfielder,A,fan_key_player_not_official_squad,curated_fan_layer_v4,2026-05-22,Curated fan-facing player. Not an official squad confirmation.,True,True,False,2
France,Ibrahima Konaté,Ibrahima Konaté,Defender,Defender,Centre-back,Liverpool,7,Defensive option,B,fan_key_player_not_official_squad,curated_fan_layer_v4,2026-05-22,Curated fan-facing player. Not an official squad confirmation.,True,False,False,13
Spain,Marc Cucurella,Marc Cucurella,Defender,Defender,Left-back,Chelsea,7,Left-back option,B,fan_key_player_not_official_squad,curated_fan_layer_v4,2026-05-22,Curated fan-facing player. Not an official squad confirmation.,True,False,False,9
Spain,Pau Cubarsí,Pau Cubarsí,Defender,Defender,Centre-back,Barcelona,7,Young centre-back option,B,fan_key_player_not_official_squad,curated_fan_layer_v4,2026-05-22,Curated fan-facing player. Not an official squad confirmation.,True,False,False,10
Spain,Robin Le Normand,Robin Le Normand,Defender,Defender,Centre-back,Atlético Madrid,7,Centre-back option,B,fan_key_player_not_official_squad,curated_fan_layer_v4,2026-05-22,Curated fan-facing player. Not an official squad confirmation.,True,False,False,11
Spain,Mikel Merino,Mikel Merino,Midfielder,Midfielder,Central midfielder,Arsenal,7,Midfield option,B,fan_key_player_not_official_squad,curated_fan_layer_v4,2026-05-22,Curated fan-facing player. Not an official squad confirmation.,True,False,False,12
Brazil,Casemiro,Casemiro,Midfielder,Midfielder,Defensive midfielder,Manchester United,7,Senior midfielder,B,fan_key_player_not_official_squad,curated_fan_layer_v4,2026-05-22,Curated fan-facing player. Not an official squad confirmation.,True,False,False,11
Argentina,Lionel Messi,Lionel Messi,Forward,Attacking Midfielder,Creator / forward,Inter Miami,10,Global star,A,fan_key_player_not_official_squad,curated_fan_layer,2026-05-22,Use for fan-facing key-player logic. Not an official World Cup squad or starting XI.,True,True,False,1
Belgium,Kevin De Bruyne,Kevin De Bruyne,Midfielder,Attacking Midfielder,Creator,Manchester City,10,Key creator,A,fan_key_player_not_official_squad,curated_fan_layer,2026-05-22,Use for fan-facing key-player logic. Not an official World Cup squad or starting XI.,True,True,False,1
Brazil,Vinícius Júnior,Vinícius Júnior,Forward,Winger,Left winger,Real Madrid,10,Key attacker,A,fan_key_player_not_official_squad,curated_fan_layer,2026-05-22,Use for fan-facing key-player logic. Not an official World Cup squad or starting XI.,True,True,False,1
Canada,Alphonso Davies,Alphonso Davies,Defender,Defender,Left-back / winger,Bayern Munich,10,Global star,A,fan_key_player_not_official_squad,curated_fan_layer,2026-05-22,Use for fan-facing key-player logic. Not an official World Cup squad or starting XI.,True,True,False,1
Colombia,Luis Díaz,Luis Díaz,Forward,Winger,Left winger,Liverpool,10,Key attacker,A,fan_key_player_not_official_squad,curated_fan_layer,2026-05-22,Use for fan-facing key-player logic. Not an official World Cup squad or starting XI.,True,True,False,1
Ecuador,Moisés Caicedo,Moisés Caicedo,Midfielder,Midfielder,Central midfielder,Chelsea,10,Midfield leader,A,fan_key_player_not_official_squad,curated_fan_layer,2026-05-22,Use for fan-facing key-player logic. Not an official World Cup squad or starting XI.,True,True,False,1
Egypt,Mohamed Salah,Mohamed Salah,Forward,Winger,Right winger,Liverpool,10,Global star / key attacker,A,fan_key_player_not_official_squad,curated_fan_layer,2026-05-22,Use for fan-facing key-player logic. Not an official World Cup squad or starting XI.,True,True,False,1
England,Harry Kane,Harry Kane,Forward,Striker,Striker,Bayern Munich,10,Key striker,A,fan_key_player_not_official_squad,curated_fan_layer,2026-05-22,Use for fan-facing key-player logic. Not an official World Cup squad or starting XI.,True,True,False,1
England,Jude Bellingham,Jude Bellingham,Midfielder,Attacking Midfielder,Attacking midfielder,Real Madrid,10,Key creator/scorer,A,fan_key_player_not_official_squad,curated_fan_layer,2026-05-22,Use for fan-facing key-player logic. Not an official World Cup squad or starting XI.,True,True,False,2
France,Kylian Mbappé,Kylian Mbappé,Forward,Attacker,Striker / left forward,Real Madrid,10,Key attacker,A,fan_key_player_not_official_squad,curated_fan_layer,2026-05-22,Use for fan-facing key-player logic. Not an official World Cup squad or starting XI.,True,True,False,1
Portugal,Cristiano Ronaldo,Cristiano Ronaldo,Forward,Striker,Striker,Al Nassr,10,Global star / striker,A,fan_key_player_not_official_squad,curated_fan_layer,2026-05-22,Use for fan-facing key-player logic. Not an official World Cup squad or starting XI.,True,True,False,1
South Korea,Son Heung-min,Son Heung-min,Forward,Winger,Forward / winger,Tottenham Hotspur,10,Global star / captain,A,fan_key_player_not_official_squad,curated_fan_layer,2026-05-22,Use for fan-facing key-player logic. Not an official World Cup squad or starting XI.,True,True,False,1
Spain,Lamine Yamal,Lamine Yamal,Forward,Winger,Right winger,Barcelona,10,Key attacker,A,fan_key_player_not_official_squad,curated_fan_layer,2026-05-22,Use for fan-facing key-player logic. Not an official World Cup squad or starting XI.,True,True,False,1
Spain,Pedri,Pedri,Midfielder,Midfielder,Central midfielder / creator,Barcelona,10,Key creator,A,fan_key_player_not_official_squad,curated_fan_layer,2026-05-22,Use for fan-facing key-player logic. Not an official World Cup squad or starting XI.,True,True,False,2
Spain,Rodri,Rodri,Midfielder,Midfielder,Defensive midfielder,Manchester City,10,Midfield leader,A,fan_key_player_not_official_squad,curated_fan_layer,2026-05-22,Use for fan-facing key-player logic. Not an official World Cup squad or starting XI.,True,True,False,3
Türkiye,Arda Güler,Arda Güler,Midfielder,Attacking Midfielder,Creator,Real Madrid,10,Key young creator,A,fan_key_player_not_official_squad,curated_fan_layer,2026-05-22,Use for fan-facing key-player logic. Not an official World Cup squad or starting XI.,True,True,False,1
Uruguay,Federico Valverde,Federico Valverde,Midfielder,Midfielder,Central midfielder,Real Madrid,10,Midfield leader,A,fan_key_player_not_official_squad,curated_fan_layer,2026-05-22,Use for fan-facing key-player logic. Not an official World Cup squad or starting XI.,True,True,False,1
Algeria,Riyad Mahrez,Riyad Mahrez,Forward,Winger,Right winger,Al Ahli,9,Key attacker,A,fan_key_player_not_official_squad,curated_fan_layer,2026-05-22,Use for fan-facing key-player logic. Not an official World Cup squad or starting XI.,True,True,False,1
Argentina,Julián Álvarez,Julián Álvarez,Forward,Striker,Forward,Atlético Madrid,9,Key attacker,A,fan_key_player_not_official_squad,curated_fan_layer,2026-05-22,Use for fan-facing key-player logic. Not an official World Cup squad or starting XI.,True,True,False,4
Argentina,Lautaro Martínez,Lautaro Martínez,Forward,Striker,Striker,Inter,9,Key striker,A,fan_key_player_not_official_squad,curated_fan_layer,2026-05-22,Use for fan-facing key-player logic. Not an official World Cup squad or starting XI.,True,True,False,5
Austria,David Alaba,David Alaba,Defender,Defender,Centre-back / left-back,Real Madrid,9,Defensive leader,A,fan_key_player_not_official_squad,curated_fan_layer,2026-05-22,Use for fan-facing key-player logic. Not an official World Cup squad or starting XI.,True,True,False,1
Belgium,Thibaut Courtois,Thibaut Courtois,Goalkeeper,Goalkeeper,Goalkeeper,Real Madrid,9,Goalkeeper leader,A,fan_key_player_not_official_squad,curated_fan_layer,2026-05-22,Use for fan-facing key-player logic. Not an official World Cup squad or starting XI.,True,True,True,2
Bosnia and Herzegovina,Edin Džeko,Edin Džeko,Forward,Striker,Striker,Fenerbahçe,9,Icon / striker,A,fan_key_player_not_official_squad,curated_fan_layer,2026-05-22,Use for fan-facing key-player logic. Not an official World Cup squad or starting XI.,True,True,False,1
Brazil,Neymar,Neymar,Forward,Attacking Midfielder,Creator / forward,Santos,9,Global star,A,fan_key_player_not_official_squad,curated_fan_layer,2026-05-22,Use for fan-facing key-player logic. Not an official World Cup squad or starting XI.,True,True,False,2
Brazil,Raphinha,Raphinha,Forward,Winger,Right winger,Barcelona,9,Key winger,A,fan_key_player_not_official_squad,curated_fan_layer,2026-05-22,Use for fan-facing key-player logic. Not an official World Cup squad or starting XI.,True,True,False,3
Brazil,Rodrygo,Rodrygo,Forward,Winger,Forward / winger,Real Madrid,9,Key attacker,A,fan_key_player_not_official_squad,curated_fan_layer,2026-05-22,Use for fan-facing key-player logic. Not an official World Cup squad or starting XI.,True,True,False,4
Canada,Jonathan David,Jonathan David,Forward,Striker,Striker,Lille,9,Key striker,A,fan_key_player_not_official_squad,curated_fan_layer,2026-05-22,Use for fan-facing key-player logic. Not an official World Cup squad or starting XI.,True,True,False,2
England,Bukayo Saka,Bukayo Saka,Forward,Winger,Right winger,Arsenal,9,Key winger,A,fan_key_player_not_official_squad,curated_fan_layer,2026-05-22,Use for fan-facing key-player logic. Not an official World Cup squad or starting XI.,True,True,False,5
France,Aurélien Tchouaméni,Aurélien Tchouaméni,Midfielder,Midfielder,Defensive midfielder,Real Madrid,9,Key midfielder,A,fan_key_player_not_official_squad,curated_fan_layer,2026-05-22,Use for fan-facing key-player logic. Not an official World Cup squad or starting XI.,True,True,False,2
France,Michael Olise,Michael Olise,Forward,Winger,Right winger / creator,Bayern Munich,9,Key attacker,A,fan_key_player_not_official_squad,curated_fan_layer,2026-05-22,Use for fan-facing key-player logic. Not an official World Cup squad or starting XI.,True,True,False,3
France,Ousmane Dembélé,Ousmane Dembélé,Forward,Winger,Winger / creator,Paris Saint-Germain,9,Key attacker,A,fan_key_player_not_official_squad,curated_fan_layer,2026-05-22,Use for fan-facing key-player logic. Not an official World Cup squad or starting XI.,True,True,False,4
France,William Saliba,William Saliba,Defender,Defender,Centre-back,Arsenal,9,Key defender,A,fan_key_player_not_official_squad,curated_fan_layer,2026-05-22,Use for fan-facing key-player logic. Not an official World Cup squad or starting XI.,True,True,False,5
Germany,Antonio Rüdiger,Antonio Rüdiger,Defender,Defender,Centre-back,Real Madrid,9,Defensive leader,A,fan_key_player_not_official_squad,curated_fan_layer,2026-05-22,Use for fan-facing key-player logic. Not an official World Cup squad or starting XI.,True,True,False,4
Japan,Kaoru Mitoma,Kaoru Mitoma,Forward,Winger,Left winger,Brighton,9,Key winger,A,fan_key_player_not_official_squad,curated_fan_layer,2026-05-22,Use for fan-facing key-player logic. Not an official World Cup squad or starting XI.,True,True,False,1
Japan,Takefusa Kubo,Takefusa Kubo,Forward,Winger,Right winger / creator,Real Sociedad,9,Key attacker,A,fan_key_player_not_official_squad,curated_fan_layer,2026-05-22,Use for fan-facing key-player logic. Not an official World Cup squad or starting XI.,True,True,False,2
Netherlands,Frenkie de Jong,Frenkie de Jong,Midfielder,Midfielder,Central midfielder,Barcelona,9,Midfield leader,A,fan_key_player_not_official_squad,curated_fan_layer,2026-05-22,Use for fan-facing key-player logic. Not an official World Cup squad or starting XI.,True,True,False,2
Portugal,Bernardo Silva,Bernardo Silva,Midfielder,Attacking Midfielder,Wide/central creator,Manchester City,9,Key creator,A,fan_key_player_not_official_squad,curated_fan_layer,2026-05-22,Use for fan-facing key-player logic. Not an official World Cup squad or starting XI.,True,True,False,3
Portugal,Bruno Fernandes,Bruno Fernandes,Midfielder,Attacking Midfielder,Creator,Manchester United,9,Key creator,A,fan_key_player_not_official_squad,curated_fan_layer,2026-05-22,Use for fan-facing key-player logic. Not an official World Cup squad or starting XI.,True,True,False,4
Portugal,Vitinha,Vitinha,Midfielder,Midfielder,Central midfielder,Paris Saint-Germain,9,Key midfielder,A,fan_key_player_not_official_squad,curated_fan_layer,2026-05-22,Use for fan-facing key-player logic. Not an official World Cup squad or starting XI.,True,True,False,5
Qatar,Akram Afif,Akram Afif,Forward,Winger,Creator / winger,Al Sadd,9,Key attacker,A,fan_key_player_not_official_squad,curated_fan_layer,2026-05-22,Use for fan-facing key-player logic. Not an official World Cup squad or starting XI.,True,True,False,1
Scotland,Andy Robertson,Andy Robertson,Defender,Defender,Left-back,Liverpool,9,Captain / full-back,A,fan_key_player_not_official_squad,curated_fan_layer,2026-05-22,Use for fan-facing key-player logic. Not an official World Cup squad or starting XI.,True,True,False,1
South Korea,Kim Min-jae,Kim Min-jae,Defender,Defender,Centre-back,Bayern Munich,9,Defensive leader,A,fan_key_player_not_official_squad,curated_fan_layer,2026-05-22,Use for fan-facing key-player logic. Not an official World Cup squad or starting XI.,True,True,False,2
Spain,Nico Williams,Nico Williams,Forward,Winger,Left winger,Athletic Club,9,Key winger,A,fan_key_player_not_official_squad,curated_fan_layer,2026-05-22,Use for fan-facing key-player logic. Not an official World Cup squad or starting XI.,True,True,False,4
Switzerland,Granit Xhaka,Granit Xhaka,Midfielder,Midfielder,Central midfielder,Bayer Leverkusen,9,Midfield leader,A,fan_key_player_not_official_squad,curated_fan_layer,2026-05-22,Use for fan-facing key-player logic. Not an official World Cup squad or starting XI.,True,True,False,1
Türkiye,Hakan Çalhanoğlu,Hakan Çalhanoğlu,Midfielder,Midfielder,Deep playmaker,Inter,9,Midfield leader,A,fan_key_player_not_official_squad,curated_fan_layer,2026-05-22,Use for fan-facing key-player logic. Not an official World Cup squad or starting XI.,True,True,False,2
Uruguay,Ronald Araújo,Ronald Araújo,Defender,Defender,Centre-back,Barcelona,9,Defensive leader,A,fan_key_player_not_official_squad,curated_fan_layer,2026-05-22,Use for fan-facing key-player logic. Not an official World Cup squad or starting XI.,True,True,False,2
Algeria,Ismaël Bennacer,Ismaël Bennacer,Midfielder,Midfielder,Central midfielder,AC Milan,8,Midfielder,A,fan_key_player_not_official_squad,curated_fan_layer,2026-05-22,Use for fan-facing key-player logic. Not an official World Cup squad or starting XI.,True,True,False,2
Argentina,Alexis Mac Allister,Alexis Mac Allister,Midfielder,Midfielder,Central midfielder,Liverpool,8,Key midfielder,A,fan_key_player_not_official_squad,curated_fan_layer,2026-05-22,Use for fan-facing key-player logic. Not an official World Cup squad or starting XI.,True,True,False,7
Argentina,Rodrigo De Paul,Rodrigo De Paul,Midfielder,Midfielder,Box-to-box midfielder,Atlético Madrid,8,Experienced midfielder,A,fan_key_player_not_official_squad,curated_fan_layer,2026-05-22,Use for fan-facing key-player logic. Not an official World Cup squad or starting XI.,True,True,False,8
Austria,Konrad Laimer,Konrad Laimer,Midfielder,Midfielder,Central midfielder,Bayern Munich,8,Pressing midfielder,A,fan_key_player_not_official_squad,curated_fan_layer,2026-05-22,Use for fan-facing key-player logic. Not an official World Cup squad or starting XI.,True,True,False,2
Austria,Marcel Sabitzer,Marcel Sabitzer,Midfielder,Midfielder,Central midfielder,Borussia Dortmund,8,Midfield leader,A,fan_key_player_not_official_squad,curated_fan_layer,2026-05-22,Use for fan-facing key-player logic. Not an official World Cup squad or starting XI.,True,True,False,3
Belgium,Jérémy Doku,Jérémy Doku,Forward,Winger,Winger,Manchester City,8,Key winger,A,fan_key_player_not_official_squad,curated_fan_layer,2026-05-22,Use for fan-facing key-player logic. Not an official World Cup squad or starting XI.,True,True,False,3
Belgium,Romelu Lukaku,Romelu Lukaku,Forward,Striker,Striker,Napoli,8,Key striker,A,fan_key_player_not_official_squad,curated_fan_layer,2026-05-22,Use for fan-facing key-player logic. Not an official World Cup squad or starting XI.,True,True,False,4
Bosnia and Herzegovina,Miralem Pjanić,Miralem Pjanić,Midfielder,Midfielder,Playmaker,,8,Experienced playmaker,A,fan_key_player_not_official_squad,curated_fan_layer,2026-05-22,Use for fan-facing key-player logic. Not an official World Cup squad or starting XI.,True,True,False,2
Brazil,Alisson,Alisson,Goalkeeper,Goalkeeper,Goalkeeper,Liverpool,8,Goalkeeper option,A,fan_key_player_not_official_squad,curated_fan_layer,2026-05-22,Use for fan-facing key-player logic. Not an official World Cup squad or starting XI.,True,False,True,6
Brazil,Bruno Guimarães,Bruno Guimarães,Midfielder,Midfielder,Central midfielder,Newcastle United,8,Key midfielder,A,fan_key_player_not_official_squad,curated_fan_layer,2026-05-22,Use for fan-facing key-player logic. Not an official World Cup squad or starting XI.,True,True,False,7
Brazil,Endrick,Endrick,Forward,Striker,Striker,Real Madrid,8,Young attacker,A,fan_key_player_not_official_squad,curated_fan_layer,2026-05-22,Use for fan-facing key-player logic. Not an official World Cup squad or starting XI.,True,True,False,8
Brazil,Lucas Paquetá,Lucas Paquetá,Midfielder,Attacking Midfielder,Attacking midfielder,West Ham United,8,Creative midfielder,A,fan_key_player_not_official_squad,curated_fan_layer,2026-05-22,Use for fan-facing key-player logic. Not an official World Cup squad or starting XI.,True,True,False,9
Brazil,Marquinhos,Marquinhos,Defender,Defender,Centre-back,Paris Saint-Germain,8,Defensive leader,A,fan_key_player_not_official_squad,curated_fan_layer,2026-05-22,Use for fan-facing key-player logic. Not an official World Cup squad or starting XI.,True,True,False,10
Colombia,James Rodríguez,James Rodríguez,Midfielder,Attacking Midfielder,Creator,,8,Creative leader,A,fan_key_player_not_official_squad,curated_fan_layer,2026-05-22,Use for fan-facing key-player logic. Not an official World Cup squad or starting XI.,True,True,False,2
Congo DR,Chancel Mbemba,Chancel Mbemba,Defender,Defender,Centre-back,,8,Defensive leader,A,fan_key_player_not_official_squad,curated_fan_layer,2026-05-22,Use for fan-facing key-player logic. Not an official World Cup squad or starting XI.,True,True,False,1
Congo DR,Yoane Wissa,Yoane Wissa,Forward,Forward,Forward,Brentford,8,Key attacker,A,fan_key_player_not_official_squad,curated_fan_layer,2026-05-22,Use for fan-facing key-player logic. Not an official World Cup squad or starting XI.,True,True,False,2
Croatia,Mateo Kovačić,Mateo Kovačić,Midfielder,Midfielder,Central midfielder,Manchester City,8,Midfielder,A,fan_key_player_not_official_squad,curated_fan_layer,2026-05-22,Use for fan-facing key-player logic. Not an official World Cup squad or starting XI.,True,True,False,3
Czechia,Patrik Schick,Patrik Schick,Forward,Striker,Striker,Bayer Leverkusen,8,Key striker,A,fan_key_player_not_official_squad,curated_fan_layer,2026-05-22,Use for fan-facing key-player logic. Not an official World Cup squad or starting XI.,True,True,False,1
Czechia,Tomáš Souček,Tomáš Souček,Midfielder,Midfielder,Box-to-box midfielder,West Ham United,8,Midfield leader,A,fan_key_player_not_official_squad,curated_fan_layer,2026-05-22,Use for fan-facing key-player logic. Not an official World Cup squad or starting XI.,True,True,False,2
Côte d'Ivoire,Franck Kessié,Franck Kessié,Midfielder,Midfielder,Central midfielder,Al Ahli,8,Midfield leader,A,fan_key_player_not_official_squad,curated_fan_layer,2026-05-22,Use for fan-facing key-player logic. Not an official World Cup squad or starting XI.,True,True,False,1
Côte d'Ivoire,Sébastien Haller,Sébastien Haller,Forward,Striker,Striker,,8,Key striker,A,fan_key_player_not_official_squad,curated_fan_layer,2026-05-22,Use for fan-facing key-player logic. Not an official World Cup squad or starting XI.,True,True,False,2
Ecuador,Pervis Estupiñán,Pervis Estupiñán,Defender,Defender,Left-back,Brighton,8,Full-back,A,fan_key_player_not_official_squad,curated_fan_layer,2026-05-22,Use for fan-facing key-player logic. Not an official World Cup squad or starting XI.,True,True,False,2
Ecuador,Piero Hincapié,Piero Hincapié,Defender,Defender,Centre-back / left-back,Bayer Leverkusen,8,Key defender,A,fan_key_player_not_official_squad,curated_fan_layer,2026-05-22,Use for fan-facing key-player logic. Not an official World Cup squad or starting XI.,True,True,False,3
Ecuador,Willian Pacho,Willian Pacho,Defender,Defender,Centre-back,Paris Saint-Germain,8,Defender,A,fan_key_player_not_official_squad,curated_fan_layer,2026-05-22,Use for fan-facing key-player logic. Not an official World Cup squad or starting XI.,True,True,False,4
Egypt,Omar Marmoush,Omar Marmoush,Forward,Forward,Forward,Manchester City,8,Key attacker,A,fan_key_player_not_official_squad,curated_fan_layer,2026-05-22,Use for fan-facing key-player logic. Not an official World Cup squad or starting XI.,True,True,False,2
England,Cole Palmer,Cole Palmer,Midfielder,Attacking Midfielder,Attacking midfielder,Chelsea,8,Creative option,A,fan_key_player_not_official_squad,curated_fan_layer,2026-05-22,Use for fan-facing key-player logic. Not an official World Cup squad or starting XI.,True,True,False,8
France,Bradley Barcola,Bradley Barcola,Forward,Winger,Left winger,Paris Saint-Germain,8,Important attacker,A,fan_key_player_not_official_squad,curated_fan_layer,2026-05-22,Use for fan-facing key-player logic. Not an official World Cup squad or starting XI.,True,True,False,9
France,Eduardo Camavinga,Eduardo Camavinga,Midfielder,Midfielder,Central midfielder,Real Madrid,8,Rotation/key midfielder,A,fan_key_player_not_official_squad,curated_fan_layer,2026-05-22,Use for fan-facing key-player logic. Not an official World Cup squad or starting XI.,True,True,False,10
France,Mike Maignan,Mike Maignan,Goalkeeper,Goalkeeper,Goalkeeper,AC Milan,8,Goalkeeper option,A,fan_key_player_not_official_squad,curated_fan_layer,2026-05-22,Use for fan-facing key-player logic. Not an official World Cup squad or starting XI.,True,False,True,11
France,Theo Hernández,Theo Hernández,Defender,Defender,Left-back,AC Milan,8,Key full-back,A,fan_key_player_not_official_squad,curated_fan_layer,2026-05-22,Use for fan-facing key-player logic. Not an official World Cup squad or starting XI.,True,True,False,12
Germany,Jonathan Tah,Jonathan Tah,Defender,Defender,Centre-back,Bayern Munich,8,Defender,A,fan_key_player_not_official_squad,curated_fan_layer,2026-05-22,Use for fan-facing key-player logic. Not an official World Cup squad or starting XI.,True,True,False,5
Germany,Kai Havertz,Kai Havertz,Forward,Forward,Forward,Arsenal,8,Forward option,A,fan_key_player_not_official_squad,curated_fan_layer,2026-05-22,Use for fan-facing key-player logic. Not an official World Cup squad or starting XI.,True,True,False,6
Germany,Leroy Sané,Leroy Sané,Forward,Winger,Winger,Bayern Munich,8,Wide attacker,A,fan_key_player_not_official_squad,curated_fan_layer,2026-05-22,Use for fan-facing key-player logic. Not an official World Cup squad or starting XI.,True,True,False,7
Germany,Manuel Neuer,Manuel Neuer,Goalkeeper,Goalkeeper,Goalkeeper,Bayern Munich,8,Senior goalkeeper,A,fan_key_player_not_official_squad,curated_fan_layer_v4,2026-05-24,Registry-valid Germany goalkeeper for fan-facing key-player logic. Not an official starting XI.,True,False,True,8
Germany,Toni Kroos,Toni Kroos,Midfielder,Midfielder,Central midfielder,,8,Veteran playmaker,A,fan_key_player_not_official_squad,curated_fan_layer,2026-05-22,Use for fan-facing key-player logic. Not an official World Cup squad or starting XI.,True,True,False,9
IR Iran,Mehdi Taremi,Mehdi Taremi,Forward,Striker,Striker,Inter,8,Key striker,A,fan_key_player_not_official_squad,curated_fan_layer,2026-05-22,Use for fan-facing key-player logic. Not an official World Cup squad or starting XI.,True,True,False,1
IR Iran,Sardar Azmoun,Sardar Azmoun,Forward,Striker,Forward,,8,Key attacker,A,fan_key_player_not_official_squad,curated_fan_layer,2026-05-22,Use for fan-facing key-player logic. Not an official World Cup squad or starting XI.,True,True,False,2
Iraq,Aymen Hussein,Aymen Hussein,Forward,Striker,Striker,,8,Key striker,A,fan_key_player_not_official_squad,curated_fan_layer,2026-05-22,Use for fan-facing key-player logic. Not an official World Cup squad or starting XI.,True,True,False,1
Japan,Wataru Endo,Wataru Endo,Midfielder,Midfielder,Defensive midfielder,Liverpool,8,Midfield leader,A,fan_key_player_not_official_squad,curated_fan_layer,2026-05-22,Use for fan-facing key-player logic. Not an official World Cup squad or starting XI.,True,True,False,3
Jordan,Musa Al-Taamari,Musa Al-Taamari,Forward,Winger,Right winger,Montpellier,8,Key attacker,A,fan_key_player_not_official_squad,curated_fan_layer,2026-05-22,Use for fan-facing key-player logic. Not an official World Cup squad or starting XI.,True,True,False,1
Mexico,Edson Álvarez,Edson Álvarez,Midfielder,Midfielder,Defensive midfielder,West Ham United,8,Midfield leader,A,fan_key_player_not_official_squad,curated_fan_layer,2026-05-22,Use for fan-facing key-player logic. Not an official World Cup squad or starting XI.,True,True,False,1
Mexico,Hirving Lozano,Hirving Lozano,Forward,Winger,Winger,San Diego FC,8,Wide attacker,A,fan_key_player_not_official_squad,curated_fan_layer,2026-05-22,Use for fan-facing key-player logic. Not an official World Cup squad or starting XI.,True,True,False,2
Mexico,Santiago Giménez,Santiago Giménez,Forward,Striker,Striker,AC Milan,8,Key striker,A,fan_key_player_not_official_squad,curated_fan_layer,2026-05-22,Use for fan-facing key-player logic. Not an official World Cup squad or starting XI.,True,True,False,3
Morocco,Brahim Díaz,Brahim Díaz,Midfielder,Attacking Midfielder,Creator,Real Madrid,8,Creative attacker,A,fan_key_player_not_official_squad,curated_fan_layer,2026-05-22,Use for fan-facing key-player logic. Not an official World Cup squad or starting XI.,True,True,False,3
Morocco,Hakim Ziyech,Hakim Ziyech,Forward,Winger,Creator / winger,,8,Creative attacker,A,fan_key_player_not_official_squad,curated_fan_layer,2026-05-22,Use for fan-facing key-player logic. Not an official World Cup squad or starting XI.,True,True,False,4
Morocco,Noussair Mazraoui,Noussair Mazraoui,Defender,Defender,Full-back,Manchester United,8,Full-back,A,fan_key_player_not_official_squad,curated_fan_layer,2026-05-22,Use for fan-facing key-player logic. Not an official World Cup squad or starting XI.,True,True,False,5
Morocco,Yassine Bounou,Yassine Bounou,Goalkeeper,Goalkeeper,Goalkeeper,Al Hilal,8,Goalkeeper leader,A,fan_key_player_not_official_squad,curated_fan_layer,2026-05-22,Use for fan-facing key-player logic. Not an official World Cup squad or starting XI.,True,False,True,6
Netherlands,Denzel Dumfries,Denzel Dumfries,Defender,Defender,Right wing-back,Inter,8,Attacking full-back,A,fan_key_player_not_official_squad,curated_fan_layer,2026-05-22,Use for fan-facing key-player logic. Not an official World Cup squad or starting XI.,True,True,False,4
Netherlands,Memphis Depay,Memphis Depay,Forward,Striker,Forward,Corinthians,8,Experienced attacker,A,fan_key_player_not_official_squad,curated_fan_layer,2026-05-22,Use for fan-facing key-player logic. Not an official World Cup squad or starting XI.,True,True,False,5
Netherlands,Nathan Aké,Nathan Aké,Defender,Defender,Centre-back / left-back,Manchester City,8,Defender,A,fan_key_player_not_official_squad,curated_fan_layer,2026-05-22,Use for fan-facing key-player logic. Not an official World Cup squad or starting XI.,True,True,False,6
Netherlands,Xavi Simons,Xavi Simons,Midfielder,Attacking Midfielder,Creator,RB Leipzig,8,Creative midfielder,A,fan_key_player_not_official_squad,curated_fan_layer,2026-05-22,Use for fan-facing key-player logic. Not an official World Cup squad or starting XI.,True,True,False,7
New Zealand,Chris Wood,Chris Wood,Forward,Striker,Striker,Nottingham Forest,8,Key striker,A,fan_key_player_not_official_squad,curated_fan_layer,2026-05-22,Use for fan-facing key-player logic. Not an official World Cup squad or starting XI.,True,True,False,1
Paraguay,Julio Enciso,Julio Enciso,Forward,Forward,Forward,Brighton,8,Young attacker,A,fan_key_player_not_official_squad,curated_fan_layer,2026-05-22,Use for fan-facing key-player logic. Not an official World Cup squad or starting XI.,True,True,False,1
Paraguay,Miguel Almirón,Miguel Almirón,Midfielder,Attacking Midfielder,Attacking midfielder / winger,Newcastle United,8,Key attacker,A,fan_key_player_not_official_squad,curated_fan_layer,2026-05-22,Use for fan-facing key-player logic. Not an official World Cup squad or starting XI.,True,True,False,2
Portugal,João Neves,João Neves,Midfielder,Midfielder,Central midfielder,Paris Saint-Germain,8,Young midfielder,A,fan_key_player_not_official_squad,curated_fan_layer,2026-05-22,Use for fan-facing key-player logic. Not an official World Cup squad or starting XI.,True,True,False,9
Portugal,Rafael Leão,Rafael Leão,Forward,Winger,Left winger,AC Milan,8,Key winger,A,fan_key_player_not_official_squad,curated_fan_layer,2026-05-22,Use for fan-facing key-player logic. Not an official World Cup squad or starting XI.,True,True,False,10
Qatar,Almoez Ali,Almoez Ali,Forward,Striker,Striker,Al Duhail,8,Key striker,A,fan_key_player_not_official_squad,curated_fan_layer,2026-05-22,Use for fan-facing key-player logic. Not an official World Cup squad or starting XI.,True,True,False,2
Saudi Arabia,Salem Al-Dawsari,Salem Al-Dawsari,Forward,Winger,Left winger,Al Hilal,8,Key attacker,A,fan_key_player_not_official_squad,curated_fan_layer,2026-05-22,Use for fan-facing key-player logic. Not an official World Cup squad or starting XI.,True,True,False,1
Scotland,John McGinn,John McGinn,Midfielder,Midfielder,Central midfielder,Aston Villa,8,Midfielder,A,fan_key_player_not_official_squad,curated_fan_layer,2026-05-22,Use for fan-facing key-player logic. Not an official World Cup squad or starting XI.,True,True,False,2
Scotland,Scott McTominay,Scott McTominay,Midfielder,Midfielder,Box-to-box midfielder,Napoli,8,Goal-scoring midfielder,A,fan_key_player_not_official_squad,curated_fan_layer,2026-05-22,Use for fan-facing key-player logic. Not an official World Cup squad or starting XI.,True,True,False,3
Senegal,Nicolas Jackson,Nicolas Jackson,Forward,Striker,Striker,Chelsea,8,Forward option,A,fan_key_player_not_official_squad,curated_fan_layer,2026-05-22,Use for fan-facing key-player logic. Not an official World Cup squad or starting XI.,True,True,False,3
Senegal,Pape Matar Sarr,Pape Matar Sarr,Midfielder,Midfielder,Central midfielder,Tottenham Hotspur,8,Midfielder,A,fan_key_player_not_official_squad,curated_fan_layer,2026-05-22,Use for fan-facing key-player logic. Not an official World Cup squad or starting XI.,True,True,False,4
South Africa,Ronwen Williams,Ronwen Williams,Goalkeeper,Goalkeeper,Goalkeeper,Mamelodi Sundowns,8,Goalkeeper leader,A,fan_key_player_not_official_squad,curated_fan_layer,2026-05-22,Use for fan-facing key-player logic. Not an official World Cup squad or starting XI.,True,False,True,1
South Korea,Lee Kang-in,Lee Kang-in,Midfielder,Attacking Midfielder,Creator,Paris Saint-Germain,8,Creative midfielder,A,fan_key_player_not_official_squad,curated_fan_layer,2026-05-22,Use for fan-facing key-player logic. Not an official World Cup squad or starting XI.,True,True,False,3
Spain,Dani Carvajal,Dani Carvajal,Defender,Defender,Right-back,Real Madrid,8,Experienced full-back,A,fan_key_player_not_official_squad,curated_fan_layer,2026-05-22,Use for fan-facing key-player logic. Not an official World Cup squad or starting XI.,True,True,False,5
Spain,Dani Olmo,Dani Olmo,Midfielder,Attacking Midfielder,Attacking midfielder,Barcelona,8,Creative midfielder,A,fan_key_player_not_official_squad,curated_fan_layer,2026-05-22,Use for fan-facing key-player logic. Not an official World Cup squad or starting XI.,True,True,False,6
Spain,Fabián Ruiz,Fabián Ruiz,Midfielder,Midfielder,Central midfielder,Paris Saint-Germain,8,Midfielder,A,fan_key_player_not_official_squad,curated_fan_layer,2026-05-22,Use for fan-facing key-player logic. Not an official World Cup squad or starting XI.,True,True,False,7
Spain,Gavi,Gavi,Midfielder,Midfielder,Central midfielder,Barcelona,8,Key/rotation midfielder,A,fan_key_player_not_official_squad,curated_fan_layer,2026-05-22,Use for fan-facing key-player logic. Not an official World Cup squad or starting XI.,True,True,False,8
Switzerland,Gregor Kobel,Gregor Kobel,Goalkeeper,Goalkeeper,Goalkeeper,Borussia Dortmund,8,Goalkeeper option,A,fan_key_player_not_official_squad,curated_fan_layer,2026-05-22,Use for fan-facing key-player logic. Not an official World Cup squad or starting XI.,True,False,True,2
Switzerland,Manuel Akanji,Manuel Akanji,Defender,Defender,Centre-back,Manchester City,8,Defensive leader,A,fan_key_player_not_official_squad,curated_fan_layer,2026-05-22,Use for fan-facing key-player logic. Not an official World Cup squad or starting XI.,True,True,False,3
Türkiye,Kenan Yıldız,Kenan Yıldız,Forward,Winger,Forward / winger,Juventus,8,Young attacker,A,fan_key_player_not_official_squad,curated_fan_layer,2026-05-22,Use for fan-facing key-player logic. Not an official World Cup squad or starting XI.,True,True,False,3
USA,Antonee Robinson,Antonee Robinson,Defender,Defender,Left-back,Fulham,8,Full-back,A,fan_key_player_not_official_squad,curated_fan_layer,2026-05-22,Use for fan-facing key-player logic. Not an official World Cup squad or starting XI.,True,True,False,3
Uzbekistan,Abbosbek Fayzullaev,Abbosbek Fayzullaev,Midfielder,Attacking Midfielder,Creator,CSKA Moscow,8,Young creator,A,fan_key_player_not_official_squad,curated_fan_layer,2026-05-22,Use for fan-facing key-player logic. Not an official World Cup squad or starting XI.,True,True,False,1
Uzbekistan,Abdukodir Khusanov,Abdukodir Khusanov,Defender,Defender,Centre-back,Manchester City,8,Key defender,A,fan_key_player_not_official_squad,curated_fan_layer,2026-05-22,Use for fan-facing key-player logic. Not an official World Cup squad or starting XI.,True,True,False,2
Uzbekistan,Eldor Shomurodov,Eldor Shomurodov,Forward,Striker,Striker,,8,Key striker,A,fan_key_player_not_official_squad,curated_fan_layer,2026-05-22,Use for fan-facing key-player logic. Not an official World Cup squad or starting XI.,True,True,False,3
Algeria,Amine Gouiri,Amine Gouiri,Forward,Forward,Forward,,7,Forward option,B,fan_key_player_not_official_squad,curated_fan_layer,2026-05-22,Use for fan-facing key-player logic. Not an official World Cup squad or starting XI.,True,False,False,3
Algeria,Houssem Aouar,Houssem Aouar,Midfielder,Attacking Midfielder,Creator,,7,Creative midfielder,B,fan_key_player_not_official_squad,curated_fan_layer,2026-05-22,Use for fan-facing key-player logic. Not an official World Cup squad or starting XI.,True,False,False,4
Algeria,Ramy Bensebaini,Ramy Bensebaini,Defender,Defender,Left-back / centre-back,Borussia Dortmund,7,Defender,B,fan_key_player_not_official_squad,curated_fan_layer,2026-05-22,Use for fan-facing key-player logic. Not an official World Cup squad or starting XI.,True,False,False,5
Australia,Harry Souttar,Harry Souttar,Defender,Defender,Centre-back,,7,Defender,B,fan_key_player_not_official_squad,curated_fan_layer,2026-05-22,Use for fan-facing key-player logic. Not an official World Cup squad or starting XI.,True,False,False,1
Australia,Jackson Irvine,Jackson Irvine,Midfielder,Midfielder,Midfielder,,7,Midfield leader,B,fan_key_player_not_official_squad,curated_fan_layer,2026-05-22,Use for fan-facing key-player logic. Not an official World Cup squad or starting XI.,True,False,False,2
Australia,Mathew Ryan,Mathew Ryan,Goalkeeper,Goalkeeper,Goalkeeper,,7,Goalkeeper leader,B,fan_key_player_not_official_squad,curated_fan_layer,2026-05-22,Use for fan-facing key-player logic. Not an official World Cup squad or starting XI.,True,False,True,3
Austria,Christoph Baumgartner,Christoph Baumgartner,Midfielder,Attacking Midfielder,Attacking midfielder,RB Leipzig,7,Creator,B,fan_key_player_not_official_squad,curated_fan_layer,2026-05-22,Use for fan-facing key-player logic. Not an official World Cup squad or starting XI.,True,False,False,4
Austria,Marko Arnautović,Marko Arnautović,Forward,Striker,Striker,Inter,7,Experienced striker,B,fan_key_player_not_official_squad,curated_fan_layer,2026-05-22,Use for fan-facing key-player logic. Not an official World Cup squad or starting XI.,True,False,False,5
Belgium,Amadou Onana,Amadou Onana,Midfielder,Midfielder,Defensive midfielder,Aston Villa,7,Midfielder,B,fan_key_player_not_official_squad,curated_fan_layer,2026-05-22,Use for fan-facing key-player logic. Not an official World Cup squad or starting XI.,True,False,False,5
Belgium,Youri Tielemans,Youri Tielemans,Midfielder,Midfielder,Central midfielder,Aston Villa,7,Midfielder,B,fan_key_player_not_official_squad,curated_fan_layer,2026-05-22,Use for fan-facing key-player logic. Not an official World Cup squad or starting XI.,True,False,False,6
Bosnia and Herzegovina,Ermedin Demirović,Ermedin Demirović,Forward,Forward,Forward,Stuttgart,7,Forward option,B,fan_key_player_not_official_squad,curated_fan_layer,2026-05-22,Use for fan-facing key-player logic. Not an official World Cup squad or starting XI.,True,False,False,3
Bosnia and Herzegovina,Sead Kolašinac,Sead Kolašinac,Defender,Defender,Defender,Atalanta,7,Defensive leader,B,fan_key_player_not_official_squad,curated_fan_layer,2026-05-22,Use for fan-facing key-player logic. Not an official World Cup squad or starting XI.,True,False,False,4
Cabo Verde,Ryan Mendes,Ryan Mendes,Forward,Winger,Forward / winger,,7,Experienced attacker,B,fan_key_player_not_official_squad,curated_fan_layer,2026-05-22,Use for fan-facing key-player logic. Not an official World Cup squad or starting XI.,True,False,False,1
Canada,Stephen Eustáquio,Stephen Eustáquio,Midfielder,Midfielder,Central midfielder,Porto,7,Midfielder,B,fan_key_player_not_official_squad,curated_fan_layer,2026-05-22,Use for fan-facing key-player logic. Not an official World Cup squad or starting XI.,True,False,False,3
Canada,Tajon Buchanan,Tajon Buchanan,Forward,Winger,Winger,Inter,7,Wide attacker,B,fan_key_player_not_official_squad,curated_fan_layer,2026-05-22,Use for fan-facing key-player logic. Not an official World Cup squad or starting XI.,True,False,False,4
Colombia,Daniel Muñoz,Daniel Muñoz,Defender,Defender,Right-back,Crystal Palace,7,Full-back,B,fan_key_player_not_official_squad,curated_fan_layer,2026-05-22,Use for fan-facing key-player logic. Not an official World Cup squad or starting XI.,True,False,False,3
Colombia,Davinson Sánchez,Davinson Sánchez,Defender,Defender,Centre-back,Galatasaray,7,Defender,B,fan_key_player_not_official_squad,curated_fan_layer,2026-05-22,Use for fan-facing key-player logic. Not an official World Cup squad or starting XI.,True,False,False,4
Colombia,Jefferson Lerma,Jefferson Lerma,Midfielder,Midfielder,Defensive midfielder,Crystal Palace,7,Midfielder,B,fan_key_player_not_official_squad,curated_fan_layer,2026-05-22,Use for fan-facing key-player logic. Not an official World Cup squad or starting XI.,True,False,False,5
Colombia,Jhon Durán,Jhon Durán,Forward,Striker,Striker,,7,Forward option,B,fan_key_player_not_official_squad,curated_fan_layer,2026-05-22,Use for fan-facing key-player logic. Not an official World Cup squad or starting XI.,True,False,False,6
Congo DR,Arthur Masuaku,Arthur Masuaku,Defender,Defender,Left-back,,7,Defender,B,fan_key_player_not_official_squad,curated_fan_layer,2026-05-22,Use for fan-facing key-player logic. Not an official World Cup squad or starting XI.,True,False,False,3
Congo DR,Cédric Bakambu,Cédric Bakambu,Forward,Striker,Striker,,7,Forward option,B,fan_key_player_not_official_squad,curated_fan_layer,2026-05-22,Use for fan-facing key-player logic. Not an official World Cup squad or starting XI.,True,False,False,4
Croatia,Andrej Kramarić,Andrej Kramarić,Forward,Forward,Forward,Hoffenheim,7,Forward option,B,fan_key_player_not_official_squad,curated_fan_layer,2026-05-22,Use for fan-facing key-player logic. Not an official World Cup squad or starting XI.,True,False,False,4
Croatia,Dominik Livaković,Dominik Livaković,Goalkeeper,Goalkeeper,Goalkeeper,Fenerbahçe,7,Goalkeeper option,B,fan_key_player_not_official_squad,curated_fan_layer,2026-05-22,Use for fan-facing key-player logic. Not an official World Cup squad or starting XI.,True,False,True,5
Croatia,Marcelo Brozović,Marcelo Brozović,Midfielder,Midfielder,Defensive midfielder,Al Nassr,7,Midfielder,B,fan_key_player_not_official_squad,curated_fan_layer,2026-05-22,Use for fan-facing key-player logic. Not an official World Cup squad or starting XI.,True,False,False,6
Curaçao,Leandro Bacuna,Leandro Bacuna,Midfielder,Midfielder,Midfielder,,7,Experienced leader,B,fan_key_player_not_official_squad,curated_fan_layer,2026-05-22,Use for fan-facing key-player logic. Not an official World Cup squad or starting XI.,True,False,False,1
Czechia,Adam Hložek,Adam Hložek,Forward,Forward,Forward,,7,Young attacker,B,fan_key_player_not_official_squad,curated_fan_layer,2026-05-22,Use for fan-facing key-player logic. Not an official World Cup squad or starting XI.,True,False,False,3
Czechia,Antonín Barák,Antonín Barák,Midfielder,Attacking Midfielder,Creator,,7,Midfielder,B,fan_key_player_not_official_squad,curated_fan_layer,2026-05-22,Use for fan-facing key-player logic. Not an official World Cup squad or starting XI.,True,False,False,4
Czechia,Vladimír Coufal,Vladimír Coufal,Defender,Defender,Right-back,West Ham United,7,Defender,B,fan_key_player_not_official_squad,curated_fan_layer,2026-05-22,Use for fan-facing key-player logic. Not an official World Cup squad or starting XI.,True,False,False,5
Côte d'Ivoire,Evan Ndicka,Evan Ndicka,Defender,Defender,Centre-back,Roma,7,Defender,B,fan_key_player_not_official_squad,curated_fan_layer,2026-05-22,Use for fan-facing key-player logic. Not an official World Cup squad or starting XI.,True,False,False,3
Côte d'Ivoire,Simon Adingra,Simon Adingra,Forward,Winger,Winger,Brighton,7,Wide attacker,B,fan_key_player_not_official_squad,curated_fan_layer,2026-05-22,Use for fan-facing key-player logic. Not an official World Cup squad or starting XI.,True,False,False,4
Côte d'Ivoire,Wilfried Singo,Wilfried Singo,Defender,Defender,Defender,Monaco,7,Defender,B,fan_key_player_not_official_squad,curated_fan_layer,2026-05-22,Use for fan-facing key-player logic. Not an official World Cup squad or starting XI.,True,False,False,5
Ecuador,Kendry Páez,Kendry Páez,Midfielder,Attacking Midfielder,Creator,Chelsea,7,Young creator,B,fan_key_player_not_official_squad,curated_fan_layer,2026-05-22,Use for fan-facing key-player logic. Not an official World Cup squad or starting XI.,True,False,False,5
Egypt,Mostafa Mohamed,Mostafa Mohamed,Forward,Striker,Striker,Nantes,7,Striker option,B,fan_key_player_not_official_squad,curated_fan_layer,2026-05-22,Use for fan-facing key-player logic. Not an official World Cup squad or starting XI.,True,False,False,3
Egypt,Trézéguet,Trézéguet,Forward,Winger,Winger,,7,Wide option,B,fan_key_player_not_official_squad,curated_fan_layer,2026-05-22,Use for fan-facing key-player logic. Not an official World Cup squad or starting XI.,True,False,False,4
England,Jordan Pickford,Jordan Pickford,Goalkeeper,Goalkeeper,Goalkeeper,Everton,7,Goalkeeper option,B,fan_key_player_not_official_squad,curated_fan_layer,2026-05-22,Use for fan-facing key-player logic. Not an official World Cup squad or starting XI.,True,False,True,9
Ghana,Antoine Semenyo,Antoine Semenyo,Forward,Winger,Forward / winger,Bournemouth,7,Attacker,B,fan_key_player_not_official_squad,curated_fan_layer,2026-05-22,Use for fan-facing key-player logic. Not an official World Cup squad or starting XI.,True,False,False,3
Ghana,Iñaki Williams,Iñaki Williams,Forward,Forward,Forward,Athletic Club,7,Forward option,B,fan_key_player_not_official_squad,curated_fan_layer,2026-05-22,Use for fan-facing key-player logic. Not an official World Cup squad or starting XI.,True,False,False,4
Haiti,Duckens Nazon,Duckens Nazon,Forward,Striker,Striker,,7,Key striker,B,fan_key_player_not_official_squad,curated_fan_layer,2026-05-22,Use for fan-facing key-player logic. Not an official World Cup squad or starting XI.,True,False,False,1
Haiti,Frantzdy Pierrot,Frantzdy Pierrot,Forward,Striker,Forward,,7,Forward option,B,fan_key_player_not_official_squad,curated_fan_layer,2026-05-22,Use for fan-facing key-player logic. Not an official World Cup squad or starting XI.,True,False,False,2
IR Iran,Alireza Jahanbakhsh,Alireza Jahanbakhsh,Forward,Winger,Winger,,7,Experienced attacker,B,fan_key_player_not_official_squad,curated_fan_layer,2026-05-22,Use for fan-facing key-player logic. Not an official World Cup squad or starting XI.,True,False,False,3
Iraq,Ali Jasim,Ali Jasim,Forward,Winger,Winger,,7,Young attacker,B,fan_key_player_not_official_squad,curated_fan_layer,2026-05-22,Use for fan-facing key-player logic. Not an official World Cup squad or starting XI.,True,False,False,2
Iraq,Zidane Iqbal,Zidane Iqbal,Midfielder,Midfielder,Central midfielder,,7,Midfielder,B,fan_key_player_not_official_squad,curated_fan_layer,2026-05-22,Use for fan-facing key-player logic. Not an official World Cup squad or starting XI.,True,False,False,3
Japan,Daichi Kamada,Daichi Kamada,Midfielder,Attacking Midfielder,Creator,Crystal Palace,7,Creative midfielder,B,fan_key_player_not_official_squad,curated_fan_layer,2026-05-22,Use for fan-facing key-player logic. Not an official World Cup squad or starting XI.,True,False,False,4
Japan,Hidemasa Morita,Hidemasa Morita,Midfielder,Midfielder,Central midfielder,Sporting CP,7,Midfielder,B,fan_key_player_not_official_squad,curated_fan_layer,2026-05-22,Use for fan-facing key-player logic. Not an official World Cup squad or starting XI.,True,False,False,5
Japan,Ko Itakura,Ko Itakura,Defender,Defender,Centre-back,Borussia Mönchengladbach,7,Defender,B,fan_key_player_not_official_squad,curated_fan_layer,2026-05-22,Use for fan-facing key-player logic. Not an official World Cup squad or starting XI.,True,False,False,6
Jordan,Yazan Al-Naimat,Yazan Al-Naimat,Forward,Striker,Striker,,7,Forward option,B,fan_key_player_not_official_squad,curated_fan_layer,2026-05-22,Use for fan-facing key-player logic. Not an official World Cup squad or starting XI.,True,False,False,2
Mexico,Guillermo Ochoa,Guillermo Ochoa,Goalkeeper,Goalkeeper,Goalkeeper,,7,Experienced goalkeeper,B,fan_key_player_not_official_squad,curated_fan_layer,2026-05-22,Use for fan-facing key-player logic. Not an official World Cup squad or starting XI.,True,False,True,4
Mexico,Luis Chávez,Luis Chávez,Midfielder,Midfielder,Central midfielder,,7,Midfielder,B,fan_key_player_not_official_squad,curated_fan_layer,2026-05-22,Use for fan-facing key-player logic. Not an official World Cup squad or starting XI.,True,False,False,5
Morocco,Youssef En-Nesyri,Youssef En-Nesyri,Forward,Striker,Striker,Fenerbahçe,7,Forward option,B,fan_key_player_not_official_squad,curated_fan_layer,2026-05-22,Use for fan-facing key-player logic. Not an official World Cup squad or starting XI.,True,False,False,7
Netherlands,Micky van de Ven,Micky van de Ven,Defender,Defender,Centre-back,Tottenham Hotspur,7,Defender,B,fan_key_player_not_official_squad,curated_fan_layer,2026-05-22,Use for fan-facing key-player logic. Not an official World Cup squad or starting XI.,True,False,False,8
Norway,Alexander Sørloth,Alexander Sørloth,Forward,Striker,Striker,Atlético Madrid,7,Forward option,B,fan_key_player_not_official_squad,curated_fan_layer,2026-05-22,Use for fan-facing key-player logic. Not an official World Cup squad or starting XI.,True,False,False,3
Panama,Adalberto Carrasquilla,Adalberto Carrasquilla,Midfielder,Midfielder,Central midfielder,,7,Midfield leader,B,fan_key_player_not_official_squad,curated_fan_layer,2026-05-22,Use for fan-facing key-player logic. Not an official World Cup squad or starting XI.,True,False,False,1
Panama,Michael Murillo,Michael Murillo,Defender,Defender,Right-back,Marseille,7,Defender,B,fan_key_player_not_official_squad,curated_fan_layer,2026-05-22,Use for fan-facing key-player logic. Not an official World Cup squad or starting XI.,True,False,False,2
Paraguay,Gustavo Gómez,Gustavo Gómez,Defender,Defender,Centre-back,Palmeiras,7,Defensive leader,B,fan_key_player_not_official_squad,curated_fan_layer,2026-05-22,Use for fan-facing key-player logic. Not an official World Cup squad or starting XI.,True,False,False,3
Paraguay,Ramón Sosa,Ramón Sosa,Forward,Winger,Winger,,7,Wide attacker,B,fan_key_player_not_official_squad,curated_fan_layer,2026-05-22,Use for fan-facing key-player logic. Not an official World Cup squad or starting XI.,True,False,False,4
Qatar,Hassan Al-Haydos,Hassan Al-Haydos,Midfielder,Attacking Midfielder,Creator,Al Sadd,7,Experienced creator,B,fan_key_player_not_official_squad,curated_fan_layer,2026-05-22,Use for fan-facing key-player logic. Not an official World Cup squad or starting XI.,True,False,False,3
Saudi Arabia,Firas Al-Buraikan,Firas Al-Buraikan,Forward,Striker,Striker,Al Ahli,7,Forward option,B,fan_key_player_not_official_squad,curated_fan_layer,2026-05-22,Use for fan-facing key-player logic. Not an official World Cup squad or starting XI.,True,False,False,2
Saudi Arabia,Saud Abdulhamid,Saud Abdulhamid,Defender,Defender,Right-back,Roma,7,Key full-back,B,fan_key_player_not_official_squad,curated_fan_layer,2026-05-22,Use for fan-facing key-player logic. Not an official World Cup squad or starting XI.,True,False,False,3
Scotland,Billy Gilmour,Billy Gilmour,Midfielder,Midfielder,Central midfielder,Napoli,7,Midfielder,B,fan_key_player_not_official_squad,curated_fan_layer,2026-05-22,Use for fan-facing key-player logic. Not an official World Cup squad or starting XI.,True,False,False,4
Scotland,Kieran Tierney,Kieran Tierney,Defender,Defender,Left-back / centre-back,Arsenal,7,Defender,B,fan_key_player_not_official_squad,curated_fan_layer,2026-05-22,Use for fan-facing key-player logic. Not an official World Cup squad or starting XI.,True,False,False,5
Senegal,Ismaïla Sarr,Ismaïla Sarr,Forward,Winger,Winger,Crystal Palace,7,Wide attacker,B,fan_key_player_not_official_squad,curated_fan_layer,2026-05-22,Use for fan-facing key-player logic. Not an official World Cup squad or starting XI.,True,False,False,5
Senegal,Édouard Mendy,Édouard Mendy,Goalkeeper,Goalkeeper,Goalkeeper,Al Ahli,7,Goalkeeper option,B,fan_key_player_not_official_squad,curated_fan_layer,2026-05-22,Use for fan-facing key-player logic. Not an official World Cup squad or starting XI.,True,False,True,6
South Africa,Percy Tau,Percy Tau,Forward,Forward,Forward,,7,Key attacker,B,fan_key_player_not_official_squad,curated_fan_layer,2026-05-22,Use for fan-facing key-player logic. Not an official World Cup squad or starting XI.,True,False,False,2
South Africa,Teboho Mokoena,Teboho Mokoena,Midfielder,Midfielder,Central midfielder,Mamelodi Sundowns,7,Midfield leader,B,fan_key_player_not_official_squad,curated_fan_layer,2026-05-22,Use for fan-facing key-player logic. Not an official World Cup squad or starting XI.,True,False,False,3
South Africa,Themba Zwane,Themba Zwane,Midfielder,Attacking Midfielder,Creator,Mamelodi Sundowns,7,Creative leader,B,fan_key_player_not_official_squad,curated_fan_layer,2026-05-22,Use for fan-facing key-player logic. Not an official World Cup squad or starting XI.,True,False,False,4
South Korea,Hwang Hee-chan,Hwang Hee-chan,Forward,Forward,Forward,Wolves,7,Attacker,B,fan_key_player_not_official_squad,curated_fan_layer,2026-05-22,Use for fan-facing key-player logic. Not an official World Cup squad or starting XI.,True,False,False,4
Spain,Aymeric Laporte,Aymeric Laporte,Defender,Defender,Centre-back,,7,Defender,B,fan_key_player_not_official_squad,curated_fan_layer,2026-05-22,Use for fan-facing key-player logic. Not an official World Cup squad or starting XI.,True,False,False,13
Spain,Unai Simón,Unai Simón,Goalkeeper,Goalkeeper,Goalkeeper,Athletic Club,7,Goalkeeper option,B,fan_key_player_not_official_squad,curated_fan_layer,2026-05-22,Use for fan-facing key-player logic. Not an official World Cup squad or starting XI.,True,False,True,14
Spain,Álvaro Morata,Álvaro Morata,Forward,Striker,Striker,,7,Striker option,B,fan_key_player_not_official_squad,curated_fan_layer,2026-05-22,Use for fan-facing key-player logic. Not an official World Cup squad or starting XI.,True,False,False,15
Switzerland,Breel Embolo,Breel Embolo,Forward,Striker,Striker,Monaco,7,Forward option,B,fan_key_player_not_official_squad,curated_fan_layer,2026-05-22,Use for fan-facing key-player logic. Not an official World Cup squad or starting XI.,True,False,False,4
Switzerland,Noah Okafor,Noah Okafor,Forward,Winger,Forward / winger,AC Milan,7,Attacker,B,fan_key_player_not_official_squad,curated_fan_layer,2026-05-22,Use for fan-facing key-player logic. Not an official World Cup squad or starting XI.,True,False,False,5
Tunisia,Ellyes Skhiri,Ellyes Skhiri,Midfielder,Midfielder,Defensive midfielder,Eintracht Frankfurt,7,Midfield leader,B,fan_key_player_not_official_squad,curated_fan_layer,2026-05-22,Use for fan-facing key-player logic. Not an official World Cup squad or starting XI.,True,False,False,1
Tunisia,Montassar Talbi,Montassar Talbi,Defender,Defender,Centre-back,,7,Defender,B,fan_key_player_not_official_squad,curated_fan_layer,2026-05-22,Use for fan-facing key-player logic. Not an official World Cup squad or starting XI.,True,False,False,2
Tunisia,Wahbi Khazri,Wahbi Khazri,Forward,Forward,Forward,,7,Experienced attacker,B,fan_key_player_not_official_squad,curated_fan_layer,2026-05-22,Use for fan-facing key-player logic. Not an official World Cup squad or starting XI.,True,False,False,3
Türkiye,Merih Demiral,Merih Demiral,Defender,Defender,Centre-back,Al Ahli,7,Defender,B,fan_key_player_not_official_squad,curated_fan_layer,2026-05-22,Use for fan-facing key-player logic. Not an official World Cup squad or starting XI.,True,False,False,4
Türkiye,Orkun Kökçü,Orkun Kökçü,Midfielder,Midfielder,Central midfielder,Benfica,7,Midfielder,B,fan_key_player_not_official_squad,curated_fan_layer,2026-05-22,Use for fan-facing key-player logic. Not an official World Cup squad or starting XI.,True,False,False,5
USA,Gio Reyna,Gio Reyna,Midfielder,Attacking Midfielder,Creator,Borussia Dortmund,7,Creative option,B,fan_key_player_not_official_squad,curated_fan_layer,2026-05-22,Use for fan-facing key-player logic. Not an official World Cup squad or starting XI.,True,False,False,4
USA,Tim Weah,Tim Weah,Forward,Winger,Winger,Juventus,7,Wide option,B,fan_key_player_not_official_squad,curated_fan_layer,2026-05-22,Use for fan-facing key-player logic. Not an official World Cup squad or starting XI.,True,False,False,5
USA,Tyler Adams,Tyler Adams,Midfielder,Midfielder,Defensive midfielder,Bournemouth,7,Midfielder,B,fan_key_player_not_official_squad,curated_fan_layer,2026-05-22,Use for fan-facing key-player logic. Not an official World Cup squad or starting XI.,True,False,False,6
USA,Yunus Musah,Yunus Musah,Midfielder,Midfielder,Central midfielder,AC Milan,7,Midfielder,B,fan_key_player_not_official_squad,curated_fan_layer,2026-05-22,Use for fan-facing key-player logic. Not an official World Cup squad or starting XI.,True,False,False,7
Uruguay,José María Giménez,José María Giménez,Defender,Defender,Centre-back,Atlético Madrid,7,Defender,B,fan_key_player_not_official_squad,curated_fan_layer,2026-05-22,Use for fan-facing key-player logic. Not an official World Cup squad or starting XI.,True,False,False,5
Uruguay,Rodrigo Bentancur,Rodrigo Bentancur,Midfielder,Midfielder,Central midfielder,Tottenham Hotspur,7,Midfielder,B,fan_key_player_not_official_squad,curated_fan_layer,2026-05-22,Use for fan-facing key-player logic. Not an official World Cup squad or starting XI.,True,False,False,6
Uzbekistan,Jaloliddin Masharipov,Jaloliddin Masharipov,Midfielder,Attacking Midfielder,Creator,,7,Creative midfielder,B,fan_key_player_not_official_squad,curated_fan_layer,2026-05-22,Use for fan-facing key-player logic. Not an official World Cup squad or starting XI.,True,False,False,4
Australia,Craig Goodwin,Craig Goodwin,Forward,Winger,Winger,,6,Attacker,B,fan_key_player_not_official_squad,curated_fan_layer,2026-05-22,Use for fan-facing key-player logic. Not an official World Cup squad or starting XI.,True,False,False,4
Australia,Riley McGree,Riley McGree,Midfielder,Midfielder,Attacking midfielder,,6,Midfielder,B,fan_key_player_not_official_squad,curated_fan_layer,2026-05-22,Use for fan-facing key-player logic. Not an official World Cup squad or starting XI.,True,False,False,5
Cabo Verde,Bebé,Bebé,Forward,Winger,Winger,,6,Attacker,B,fan_key_player_not_official_squad,curated_fan_layer,2026-05-22,Use for fan-facing key-player logic. Not an official World Cup squad or starting XI.,True,False,False,2
Cabo Verde,Garry Rodrigues,Garry Rodrigues,Forward,Winger,Winger,,6,Attacker,B,fan_key_player_not_official_squad,curated_fan_layer,2026-05-22,Use for fan-facing key-player logic. Not an official World Cup squad or starting XI.,True,False,False,3
Cabo Verde,Roberto Lopes,Roberto Lopes,Defender,Defender,Defender,,6,Defender,B,fan_key_player_not_official_squad,curated_fan_layer,2026-05-22,Use for fan-facing key-player logic. Not an official World Cup squad or starting XI.,True,False,False,4
Canada,Ismaël Koné,Ismaël Koné,Midfielder,Midfielder,Central midfielder,,6,Midfielder,B,fan_key_player_not_official_squad,curated_fan_layer,2026-05-22,Use for fan-facing key-player logic. Not an official World Cup squad or starting XI.,True,False,False,5
Curaçao,Juninho Bacuna,Juninho Bacuna,Midfielder,Midfielder,Midfielder,,6,Midfielder,B,fan_key_player_not_official_squad,curated_fan_layer,2026-05-22,Use for fan-facing key-player logic. Not an official World Cup squad or starting XI.,True,False,False,2
Curaçao,Livano Comenencia,Livano Comenencia,Defender,Defender,Defender,Juventus Next Gen,6,Defender,B,fan_key_player_not_official_squad,curated_fan_layer,2026-05-22,Use for fan-facing key-player logic. Not an official World Cup squad or starting XI.,True,False,False,3
Curaçao,Vurnon Anita,Vurnon Anita,Midfielder,Midfielder,Midfielder,,6,Experienced midfielder,B,fan_key_player_not_official_squad,curated_fan_layer,2026-05-22,Use for fan-facing key-player logic. Not an official World Cup squad or starting XI.,True,False,False,4
Egypt,Mohamed Elneny,Mohamed Elneny,Midfielder,Midfielder,Midfielder,,6,Experienced midfielder,B,fan_key_player_not_official_squad,curated_fan_layer,2026-05-22,Use for fan-facing key-player logic. Not an official World Cup squad or starting XI.,True,False,False,5
Ghana,Jordan Ayew,Jordan Ayew,Forward,Forward,Forward,Leicester City,6,Experienced attacker,B,fan_key_player_not_official_squad,curated_fan_layer,2026-05-22,Use for fan-facing key-player logic. Not an official World Cup squad or starting XI.,True,False,False,5
Haiti,Danley Jean Jacques,Danley Jean Jacques,Midfielder,Midfielder,Midfielder,,6,Midfielder,B,fan_key_player_not_official_squad,curated_fan_layer,2026-05-22,Use for fan-facing key-player logic. Not an official World Cup squad or starting XI.,True,False,False,3
Haiti,Ricardo Adé,Ricardo Adé,Defender,Defender,Defender,,6,Defender,B,fan_key_player_not_official_squad,curated_fan_layer,2026-05-22,Use for fan-facing key-player logic. Not an official World Cup squad or starting XI.,True,False,False,4
IR Iran,Hossein Kanaani,Hossein Kanaani,Defender,Defender,Centre-back,,6,Defender,B,fan_key_player_not_official_squad,curated_fan_layer,2026-05-22,Use for fan-facing key-player logic. Not an official World Cup squad or starting XI.,True,False,False,4
IR Iran,Saman Ghoddos,Saman Ghoddos,Midfielder,Midfielder,Midfielder,,6,Midfielder,B,fan_key_player_not_official_squad,curated_fan_layer,2026-05-22,Use for fan-facing key-player logic. Not an official World Cup squad or starting XI.,True,False,False,5
Iraq,Hussein Ali,Hussein Ali,Defender,Defender,Right-back,,6,Defender,B,fan_key_player_not_official_squad,curated_fan_layer,2026-05-22,Use for fan-facing key-player logic. Not an official World Cup squad or starting XI.,True,False,False,4
Jordan,Abdallah Nasib,Abdallah Nasib,Defender,Defender,Centre-back,,6,Defender,B,fan_key_player_not_official_squad,curated_fan_layer,2026-05-22,Use for fan-facing key-player logic. Not an official World Cup squad or starting XI.,True,False,False,3
Jordan,Nizar Al-Rashdan,Nizar Al-Rashdan,Midfielder,Midfielder,Midfielder,,6,Midfielder,B,fan_key_player_not_official_squad,curated_fan_layer,2026-05-22,Use for fan-facing key-player logic. Not an official World Cup squad or starting XI.,True,False,False,4
New Zealand,Joe Bell,Joe Bell,Midfielder,Midfielder,Midfielder,,6,Midfielder,B,fan_key_player_not_official_squad,curated_fan_layer,2026-05-22,Use for fan-facing key-player logic. Not an official World Cup squad or starting XI.,True,False,False,2
New Zealand,Liberato Cacace,Liberato Cacace,Defender,Defender,Left-back,Empoli,6,Defender,B,fan_key_player_not_official_squad,curated_fan_layer,2026-05-22,Use for fan-facing key-player logic. Not an official World Cup squad or starting XI.,True,False,False,3
New Zealand,Sarpreet Singh,Sarpreet Singh,Midfielder,Attacking Midfielder,Creator,,6,Creator,B,fan_key_player_not_official_squad,curated_fan_layer,2026-05-22,Use for fan-facing key-player logic. Not an official World Cup squad or starting XI.,True,False,False,4
Norway,Oscar Bobb,Oscar Bobb,Forward,Winger,Winger,Manchester City,6,Young attacker,B,fan_key_player_not_official_squad,curated_fan_layer,2026-05-22,Use for fan-facing key-player logic. Not an official World Cup squad or starting XI.,True,False,False,4
Norway,Sander Berge,Sander Berge,Midfielder,Midfielder,Central midfielder,Fulham,6,Midfielder,B,fan_key_player_not_official_squad,curated_fan_layer,2026-05-22,Use for fan-facing key-player logic. Not an official World Cup squad or starting XI.,True,False,False,5
Panama,Aníbal Godoy,Aníbal Godoy,Midfielder,Midfielder,Midfielder,,6,Experienced midfielder,B,fan_key_player_not_official_squad,curated_fan_layer,2026-05-22,Use for fan-facing key-player logic. Not an official World Cup squad or starting XI.,True,False,False,3
Panama,José Fajardo,José Fajardo,Forward,Striker,Striker,,6,Forward option,B,fan_key_player_not_official_squad,curated_fan_layer,2026-05-22,Use for fan-facing key-player logic. Not an official World Cup squad or starting XI.,True,False,False,4
Qatar,Boualem Khoukhi,Boualem Khoukhi,Defender,Defender,Defender,,6,Defender,B,fan_key_player_not_official_squad,curated_fan_layer,2026-05-22,Use for fan-facing key-player logic. Not an official World Cup squad or starting XI.,True,False,False,4
Saudi Arabia,Hassan Al-Tambakti,Hassan Al-Tambakti,Defender,Defender,Centre-back,Al Hilal,6,Defender,B,fan_key_player_not_official_squad,curated_fan_layer,2026-05-22,Use for fan-facing key-player logic. Not an official World Cup squad or starting XI.,True,False,False,4
Saudi Arabia,Mohamed Kanno,Mohamed Kanno,Midfielder,Midfielder,Central midfielder,Al Hilal,6,Midfielder,B,fan_key_player_not_official_squad,curated_fan_layer,2026-05-22,Use for fan-facing key-player logic. Not an official World Cup squad or starting XI.,True,False,False,5
Saudi Arabia,Saleh Al-Shehri,Saleh Al-Shehri,Forward,Striker,Striker,,6,Forward option,B,fan_key_player_not_official_squad,curated_fan_layer,2026-05-22,Use for fan-facing key-player logic. Not an official World Cup squad or starting XI.,True,False,False,6
South Korea,Cho Gue-sung,Cho Gue-sung,Forward,Striker,Striker,,6,Forward option,B,fan_key_player_not_official_squad,curated_fan_layer,2026-05-22,Use for fan-facing key-player logic. Not an official World Cup squad or starting XI.,True,False,False,5
Tunisia,Hannibal Mejbri,Hannibal Mejbri,Midfielder,Midfielder,Midfielder,,6,Midfielder,B,fan_key_player_not_official_squad,curated_fan_layer,2026-05-22,Use for fan-facing key-player logic. Not an official World Cup squad or starting XI.,True,False,False,4
Saudi Arabia,Nawaf Al-Aqidi,Nawaf Al-Aqidi,Goalkeeper,Goalkeeper,Goalkeeper,Al Nassr,5,Goalkeeper option,C,fan_key_player_not_official_squad,curated_fan_layer,2026-05-22,Use for fan-facing key-player logic. Not an official World Cup squad or starting XI.,True,False,True,7
