country,registry_country_name,squad_collection_status,players_in_registry,source_name,source_url,created_at
Canada,Canada,Pending / not captured in v1,0,Sky Sports World Cup 2026 squad lists,https://www.skysports.com/football/news/11095/13543070/world-cup-2026-squad-lists-england-scotland-brazil-usa-spain-france-germany-netherlands-argentina-portugal-and-more,2026-05-23
Mexico,Mexico,Pending / not captured in v1,0,Sky Sports World Cup 2026 squad lists,https://www.skysports.com/football/news/11095/13543070/world-cup-2026-squad-lists-england-scotland-brazil-usa-spain-france-germany-netherlands-argentina-portugal-and-more,2026-05-23
United States,United States,Pending / not captured in v1,0,Sky Sports World Cup 2026 squad lists,https://www.skysports.com/football/news/11095/13543070/world-cup-2026-squad-lists-england-scotland-brazil-usa-spain-france-germany-netherlands-argentina-portugal-and-more,2026-05-23
Australia,Australia,Pending / not captured in v1,0,Sky Sports World Cup 2026 squad lists,https://www.skysports.com/football/news/11095/13543070/world-cup-2026-squad-lists-england-scotland-brazil-usa-spain-france-germany-netherlands-argentina-portugal-and-more,2026-05-23
Iraq,Iraq,Pending / not captured in v1,0,Sky Sports World Cup 2026 squad lists,https://www.skysports.com/football/news/11095/13543070/world-cup-2026-squad-lists-england-scotland-brazil-usa-spain-france-germany-netherlands-argentina-portugal-and-more,2026-05-23
IR Iran,IR Iran,Pending / not captured in v1,0,Sky Sports World Cup 2026 squad lists,https://www.skysports.com/football/news/11095/13543070/world-cup-2026-squad-lists-england-scotland-brazil-usa-spain-france-germany-netherlands-argentina-portugal-and-more,2026-05-23
Japan,Japan,Pending / not captured in v1,0,Sky Sports World Cup 2026 squad lists,https://www.skysports.com/football/news/11095/13543070/world-cup-2026-squad-lists-england-scotland-brazil-usa-spain-france-germany-netherlands-argentina-portugal-and-more,2026-05-23
Jordan,Jordan,Pending / not captured in v1,0,Sky Sports World Cup 2026 squad lists,https://www.skysports.com/football/news/11095/13543070/world-cup-2026-squad-lists-england-scotland-brazil-usa-spain-france-germany-netherlands-argentina-portugal-and-more,2026-05-23
Korea Republic,South Korea,Announced squad,26,Sky Sports World Cup 2026 squad lists,https://www.skysports.com/football/news/11095/13543070/world-cup-2026-squad-lists-england-scotland-brazil-usa-spain-france-germany-netherlands-argentina-portugal-and-more,2026-05-23
Qatar,Qatar,Pending / not captured in v1,0,Sky Sports World Cup 2026 squad lists,https://www.skysports.com/football/news/11095/13543070/world-cup-2026-squad-lists-england-scotland-brazil-usa-spain-france-germany-netherlands-argentina-portugal-and-more,2026-05-23
Saudi Arabia,Saudi Arabia,Pending / not captured in v1,0,Sky Sports World Cup 2026 squad lists,https://www.skysports.com/football/news/11095/13543070/world-cup-2026-squad-lists-england-scotland-brazil-usa-spain-france-germany-netherlands-argentina-portugal-and-more,2026-05-23
Uzbekistan,Uzbekistan,Pending / not captured in v1,0,Sky Sports World Cup 2026 squad lists,https://www.skysports.com/football/news/11095/13543070/world-cup-2026-squad-lists-england-scotland-brazil-usa-spain-france-germany-netherlands-argentina-portugal-and-more,2026-05-23
Algeria,Algeria,Pending / not captured in v1,0,Sky Sports World Cup 2026 squad lists,https://www.skysports.com/football/news/11095/13543070/world-cup-2026-squad-lists-england-scotland-brazil-usa-spain-france-germany-netherlands-argentina-portugal-and-more,2026-05-23
Cabo Verde,Cabo Verde,Pending / not captured in v1,0,Sky Sports World Cup 2026 squad lists,https://www.skysports.com/football/news/11095/13543070/world-cup-2026-squad-lists-england-scotland-brazil-usa-spain-france-germany-netherlands-argentina-portugal-and-more,2026-05-23
Congo DR,DR Congo,Pending / not captured in v1,0,Sky Sports World Cup 2026 squad lists,https://www.skysports.com/football/news/11095/13543070/world-cup-2026-squad-lists-england-scotland-brazil-usa-spain-france-germany-netherlands-argentina-portugal-and-more,2026-05-23
Cote d'Ivoire,Cote d'Ivoire,Pending / not captured in v1,0,Sky Sports World Cup 2026 squad lists,https://www.skysports.com/football/news/11095/13543070/world-cup-2026-squad-lists-england-scotland-brazil-usa-spain-france-germany-netherlands-argentina-portugal-and-more,2026-05-23
Egypt,Egypt,Pending / not captured in v1,0,Sky Sports World Cup 2026 squad lists,https://www.skysports.com/football/news/11095/13543070/world-cup-2026-squad-lists-england-scotland-brazil-usa-spain-france-germany-netherlands-argentina-portugal-and-more,2026-05-23
Ghana,Ghana,Pending / not captured in v1,0,Sky Sports World Cup 2026 squad lists,https://www.skysports.com/football/news/11095/13543070/world-cup-2026-squad-lists-england-scotland-brazil-usa-spain-france-germany-netherlands-argentina-portugal-and-more,2026-05-23
Morocco,Morocco,Pending / not captured in v1,0,Sky Sports World Cup 2026 squad lists,https://www.skysports.com/football/news/11095/13543070/world-cup-2026-squad-lists-england-scotland-brazil-usa-spain-france-germany-netherlands-argentina-portugal-and-more,2026-05-23
Senegal,Senegal,Announced squad,28,Sky Sports World Cup 2026 squad lists,https://www.skysports.com/football/news/11095/13543070/world-cup-2026-squad-lists-england-scotland-brazil-usa-spain-france-germany-netherlands-argentina-portugal-and-more,2026-05-23
South Africa,South Africa,Pending / not captured in v1,0,Sky Sports World Cup 2026 squad lists,https://www.skysports.com/football/news/11095/13543070/world-cup-2026-squad-lists-england-scotland-brazil-usa-spain-france-germany-netherlands-argentina-portugal-and-more,2026-05-23
Tunisia,Tunisia,Pending / not captured in v1,0,Sky Sports World Cup 2026 squad lists,https://www.skysports.com/football/news/11095/13543070/world-cup-2026-squad-lists-england-scotland-brazil-usa-spain-france-germany-netherlands-argentina-portugal-and-more,2026-05-23
Curacao,Curacao,Pending / not captured in v1,0,Sky Sports World Cup 2026 squad lists,https://www.skysports.com/football/news/11095/13543070/world-cup-2026-squad-lists-england-scotland-brazil-usa-spain-france-germany-netherlands-argentina-portugal-and-more,2026-05-23
Haiti,Haiti,Pending / not captured in v1,0,Sky Sports World Cup 2026 squad lists,https://www.skysports.com/football/news/11095/13543070/world-cup-2026-squad-lists-england-scotland-brazil-usa-spain-france-germany-netherlands-argentina-portugal-and-more,2026-05-23
Panama,Panama,Pending / not captured in v1,0,Sky Sports World Cup 2026 squad lists,https://www.skysports.com/football/news/11095/13543070/world-cup-2026-squad-lists-england-scotland-brazil-usa-spain-france-germany-netherlands-argentina-portugal-and-more,2026-05-23
Argentina,Argentina,Preliminary squad,55,Sky Sports World Cup 2026 squad lists,https://www.skysports.com/football/news/11095/13543070/world-cup-2026-squad-lists-england-scotland-brazil-usa-spain-france-germany-netherlands-argentina-portugal-and-more,2026-05-23
Brazil,Brazil,Announced squad,26,Sky Sports World Cup 2026 squad lists,https://www.skysports.com/football/news/11095/13543070/world-cup-2026-squad-lists-england-scotland-brazil-usa-spain-france-germany-netherlands-argentina-portugal-and-more,2026-05-23
Colombia,Colombia,Pending / not captured in v1,0,Sky Sports World Cup 2026 squad lists,https://www.skysports.com/football/news/11095/13543070/world-cup-2026-squad-lists-england-scotland-brazil-usa-spain-france-germany-netherlands-argentina-portugal-and-more,2026-05-23
Ecuador,Ecuador,Pending / not captured in v1,0,Sky Sports World Cup 2026 squad lists,https://www.skysports.com/football/news/11095/13543070/world-cup-2026-squad-lists-england-scotland-brazil-usa-spain-france-germany-netherlands-argentina-portugal-and-more,2026-05-23
Paraguay,Paraguay,Pending / not captured in v1,0,Sky Sports World Cup 2026 squad lists,https://www.skysports.com/football/news/11095/13543070/world-cup-2026-squad-lists-england-scotland-brazil-usa-spain-france-germany-netherlands-argentina-portugal-and-more,2026-05-23
Uruguay,Uruguay,Pending / not captured in v1,0,Sky Sports World Cup 2026 squad lists,https://www.skysports.com/football/news/11095/13543070/world-cup-2026-squad-lists-england-scotland-brazil-usa-spain-france-germany-netherlands-argentina-portugal-and-more,2026-05-23
New Zealand,New Zealand,Pending / not captured in v1,0,Sky Sports World Cup 2026 squad lists,https://www.skysports.com/football/news/11095/13543070/world-cup-2026-squad-lists-england-scotland-brazil-usa-spain-france-germany-netherlands-argentina-portugal-and-more,2026-05-23
Austria,Austria,Pending / not captured in v1,0,Sky Sports World Cup 2026 squad lists,https://www.skysports.com/football/news/11095/13543070/world-cup-2026-squad-lists-england-scotland-brazil-usa-spain-france-germany-netherlands-argentina-portugal-and-more,2026-05-23
Belgium,Belgium,Announced squad,26,Sky Sports World Cup 2026 squad lists,https://www.skysports.com/football/news/11095/13543070/world-cup-2026-squad-lists-england-scotland-brazil-usa-spain-france-germany-netherlands-argentina-portugal-and-more,2026-05-23
Bosnia and Herzegovina,Bosnia and Herzegovina,Pending / not captured in v1,0,Sky Sports World Cup 2026 squad lists,https://www.skysports.com/football/news/11095/13543070/world-cup-2026-squad-lists-england-scotland-brazil-usa-spain-france-germany-netherlands-argentina-portugal-and-more,2026-05-23
Croatia,Croatia,Pending / not captured in v1,0,Sky Sports World Cup 2026 squad lists,https://www.skysports.com/football/news/11095/13543070/world-cup-2026-squad-lists-england-scotland-brazil-usa-spain-france-germany-netherlands-argentina-portugal-and-more,2026-05-23
Czech Republic,Czech Republic,Pending / not captured in v1,0,Sky Sports World Cup 2026 squad lists,https://www.skysports.com/football/news/11095/13543070/world-cup-2026-squad-lists-england-scotland-brazil-usa-spain-france-germany-netherlands-argentina-portugal-and-more,2026-05-23
England,England,Announced squad,26,Sky Sports World Cup 2026 squad lists,https://www.skysports.com/football/news/11095/13543070/world-cup-2026-squad-lists-england-scotland-brazil-usa-spain-france-germany-netherlands-argentina-portugal-and-more,2026-05-23
France,France,Announced squad,26,Sky Sports World Cup 2026 squad lists,https://www.skysports.com/football/news/11095/13543070/world-cup-2026-squad-lists-england-scotland-brazil-usa-spain-france-germany-netherlands-argentina-portugal-and-more,2026-05-23
Germany,Germany,Announced squad,25,Sky Sports World Cup 2026 squad lists,https://www.skysports.com/football/news/11095/13543070/world-cup-2026-squad-lists-england-scotland-brazil-usa-spain-france-germany-netherlands-argentina-portugal-and-more,2026-05-23
Netherlands,Netherlands,Pending / not captured in v1,0,Sky Sports World Cup 2026 squad lists,https://www.skysports.com/football/news/11095/13543070/world-cup-2026-squad-lists-england-scotland-brazil-usa-spain-france-germany-netherlands-argentina-portugal-and-more,2026-05-23
Norway,Norway,Announced squad,26,Sky Sports World Cup 2026 squad lists,https://www.skysports.com/football/news/11095/13543070/world-cup-2026-squad-lists-england-scotland-brazil-usa-spain-france-germany-netherlands-argentina-portugal-and-more,2026-05-23
Portugal,Portugal,Announced squad,27,Sky Sports World Cup 2026 squad lists,https://www.skysports.com/football/news/11095/13543070/world-cup-2026-squad-lists-england-scotland-brazil-usa-spain-france-germany-netherlands-argentina-portugal-and-more,2026-05-23
Scotland,Scotland,Pending / not captured in v1,0,Sky Sports World Cup 2026 squad lists,https://www.skysports.com/football/news/11095/13543070/world-cup-2026-squad-lists-england-scotland-brazil-usa-spain-france-germany-netherlands-argentina-portugal-and-more,2026-05-23
Spain,Spain,Pending / not captured in v1,0,Sky Sports World Cup 2026 squad lists,https://www.skysports.com/football/news/11095/13543070/world-cup-2026-squad-lists-england-scotland-brazil-usa-spain-france-germany-netherlands-argentina-portugal-and-more,2026-05-23
Sweden,Sweden,Pending / not captured in v1,0,Sky Sports World Cup 2026 squad lists,https://www.skysports.com/football/news/11095/13543070/world-cup-2026-squad-lists-england-scotland-brazil-usa-spain-france-germany-netherlands-argentina-portugal-and-more,2026-05-23
Switzerland,Switzerland,Announced squad,26,Sky Sports World Cup 2026 squad lists,https://www.skysports.com/football/news/11095/13543070/world-cup-2026-squad-lists-england-scotland-brazil-usa-spain-france-germany-netherlands-argentina-portugal-and-more,2026-05-23
Turkey,Turkey,Pending / not captured in v1,0,Sky Sports World Cup 2026 squad lists,https://www.skysports.com/football/news/11095/13543070/world-cup-2026-squad-lists-england-scotland-brazil-usa-spain-france-germany-netherlands-argentina-portugal-and-more,2026-05-23
